Location,Latitude,Longitude,Elevation_m,Slope_deg,Drainage_Density,Forecast_Date,YEAR,DOY,Predicted_Rainfall_mm,Predicted_Discharge_cumecs,Predicted_Water_Level_m,Risk_Score,Risk_Level
Amberpet,17.39,78.516,480,2.4,3.5,2025-01-07,2025,7,3.82,47.98,1.3,0.387,Medium
Amberpet,17.39,78.516,480,2.4,3.5,2025-01-14,2025,14,4.12,51.11,1.35,0.402,Medium
Amberpet,17.39,78.516,480,2.4,3.5,2025-01-21,2025,21,4.43,54.55,1.41,0.417,Medium
Amberpet,17.39,78.516,480,2.4,3.5,2025-01-28,2025,28,4.3,58.71,1.47,0.43,Medium
Amberpet,17.39,78.516,480,2.4,3.5,2025-02-04,2025,35,3.82,63.47,1.55,0.439,Medium
Amberpet,17.39,78.516,480,2.4,3.5,2025-02-11,2025,42,3.48,68.47,1.64,0.451,Medium
Amberpet,17.39,78.516,480,2.4,3.5,2025-02-18,2025,49,3.19,73.6,1.72,0.464,Medium
Amberpet,17.39,78.516,480,2.4,3.5,2025-02-25,2025,56,3.23,79.4,1.82,0.484,Medium
Amberpet,17.39,78.516,480,2.4,3.5,2025-03-04,2025,63,1.46,85.72,1.92,0.48,Medium
Amberpet,17.39,78.516,480,2.4,3.5,2025-03-11,2025,70,1.46,92.92,2.05,0.504,Medium
Amberpet,17.39,78.516,480,2.4,3.5,2025-03-18,2025,77,1.48,101.97,2.2,0.534,Medium
Amberpet,17.39,78.516,480,2.4,3.5,2025-03-25,2025,84,1.5,112.18,2.37,0.569,High
Amberpet,17.39,78.516,480,2.4,3.5,2025-04-01,2025,91,1.23,124.68,2.57,0.606,High
Amberpet,17.39,78.516,480,2.4,3.5,2025-04-08,2025,98,1.2,135.09,2.74,0.64,High
Amberpet,17.39,78.516,480,2.4,3.5,2025-04-15,2025,105,1.2,145.54,2.92,0.675,High
Amberpet,17.39,78.516,480,2.4,3.5,2025-04-22,2025,112,1.2,158.58,3.13,0.719,High
Amberpet,17.39,78.516,480,2.4,3.5,2025-04-29,2025,119,1.2,168.59,3.33,0.752,High
Amberpet,17.39,78.516,480,2.4,3.5,2025-05-06,2025,126,2.9,168.59,3.5,0.775,High
Amberpet,17.39,78.516,480,2.4,3.5,2025-05-13,2025,133,2.76,168.59,3.68,0.773,High
Amberpet,17.39,78.516,480,2.4,3.5,2025-05-20,2025,140,2.62,168.59,3.87,0.771,High
Amberpet,17.39,78.516,480,2.4,3.5,2025-05-27,2025,147,2.67,168.59,4.07,0.772,High
Amberpet,17.39,78.516,480,2.4,3.5,2025-06-03,2025,154,24.53,168.59,4.28,1.0,High
Amberpet,17.39,78.516,480,2.4,3.5,2025-06-10,2025,161,24.47,168.59,4.49,1.0,High
Amberpet,17.39,78.516,480,2.4,3.5,2025-06-17,2025,168,24.46,168.59,4.71,1.0,High
Amberpet,17.39,78.516,480,2.4,3.5,2025-06-24,2025,175,25.01,168.59,4.94,1.0,High
Amberpet,17.39,78.516,480,2.4,3.5,2025-07-01,2025,182,26.31,168.59,5.17,1.0,High
Amberpet,17.39,78.516,480,2.4,3.5,2025-07-08,2025,189,25.84,168.59,5.4,1.0,High
Amberpet,17.39,78.516,480,2.4,3.5,2025-07-15,2025,196,25.9,168.59,5.64,1.0,High
Amberpet,17.39,78.516,480,2.4,3.5,2025-07-22,2025,203,26.5,168.59,5.88,1.0,High
Amberpet,17.39,78.516,480,2.4,3.5,2025-07-29,2025,210,27.52,168.59,6.13,1.0,High
Amberpet,17.39,78.516,480,2.4,3.5,2025-08-05,2025,217,26.36,168.59,6.38,1.0,High
Amberpet,17.39,78.516,480,2.4,3.5,2025-08-12,2025,224,27.14,168.59,6.64,1.0,High
Amberpet,17.39,78.516,480,2.4,3.5,2025-08-19,2025,231,28.1,168.59,6.91,1.0,High
Amberpet,17.39,78.516,480,2.4,3.5,2025-08-26,2025,238,29.24,168.59,7.18,1.0,High
Amberpet,17.39,78.516,480,2.4,3.5,2025-09-02,2025,245,23.69,168.59,7.46,1.0,High
Amberpet,17.39,78.516,480,2.4,3.5,2025-09-09,2025,252,23.53,168.59,7.75,1.0,High
Amberpet,17.39,78.516,480,2.4,3.5,2025-09-16,2025,259,23.31,168.59,8.04,1.0,High
Amberpet,17.39,78.516,480,2.4,3.5,2025-09-23,2025,266,23.87,168.59,8.34,1.0,High
Amberpet,17.39,78.516,480,2.4,3.5,2025-09-30,2025,273,24.7,168.59,8.64,1.0,High
Amberpet,17.39,78.516,480,2.4,3.5,2025-10-07,2025,280,12.41,168.59,8.96,0.907,High
Amberpet,17.39,78.516,480,2.4,3.5,2025-10-14,2025,287,12.5,168.59,9.27,0.908,High
Amberpet,17.39,78.516,480,2.4,3.5,2025-10-21,2025,294,13.05,168.59,9.6,0.916,High
Amberpet,17.39,78.516,480,2.4,3.5,2025-10-28,2025,301,13.91,168.59,9.94,0.928,High
Amberpet,17.39,78.516,480,2.4,3.5,2025-11-04,2025,308,13.73,168.7,10.28,0.925,High
Amberpet,17.39,78.516,480,2.4,3.5,2025-11-11,2025,315,13.95,168.7,10.63,0.928,High
Amberpet,17.39,78.516,480,2.4,3.5,2025-11-18,2025,322,14.43,168.7,10.99,0.935,High
Amberpet,17.39,78.516,480,2.4,3.5,2025-11-25,2025,329,15.05,168.7,11.36,0.944,High
Amberpet,17.39,78.516,480,2.4,3.5,2025-12-02,2025,336,7.78,168.7,11.73,0.843,High
Amberpet,17.39,78.516,480,2.4,3.5,2025-12-09,2025,343,7.62,168.7,12.11,0.841,High
Amberpet,17.39,78.516,480,2.4,3.5,2025-12-16,2025,350,7.49,168.7,12.51,0.839,High
Amberpet,17.39,78.516,480,2.4,3.5,2025-12-23,2025,357,7.56,168.7,12.91,0.84,High
Amberpet,17.39,78.516,480,2.4,3.5,2025-12-30,2025,364,7.97,168.7,13.32,0.846,High
Amberpet,17.39,78.516,480,2.4,3.5,2026-01-06,2026,6,4.41,168.7,13.74,0.797,High
Amberpet,17.39,78.516,480,2.4,3.5,2026-01-13,2026,13,4.53,168.7,14.17,0.798,High
Amberpet,17.39,78.516,480,2.4,3.5,2026-01-20,2026,20,4.68,168.7,14.61,0.8,High
Amberpet,17.39,78.516,480,2.4,3.5,2026-01-27,2026,27,4.81,168.7,15.06,0.802,High
Amberpet,17.39,78.516,480,2.4,3.5,2026-02-03,2026,34,3.37,168.59,15.52,0.782,High
Amberpet,17.39,78.516,480,2.4,3.5,2026-02-10,2026,41,3.67,168.59,15.99,0.786,High
Amberpet,17.39,78.516,480,2.4,3.5,2026-02-17,2026,48,3.64,168.59,16.48,0.786,High
Amberpet,17.39,78.516,480,2.4,3.5,2026-02-24,2026,55,3.68,168.59,16.97,0.786,High
Amberpet,17.39,78.516,480,2.4,3.5,2026-03-03,2026,62,1.54,168.59,17.47,0.756,High
Amberpet,17.39,78.516,480,2.4,3.5,2026-03-10,2026,69,1.6,168.59,17.99,0.757,High
Amberpet,17.39,78.516,480,2.4,3.5,2026-03-17,2026,76,1.63,168.59,18.52,0.758,High
Amberpet,17.39,78.516,480,2.4,3.5,2026-03-24,2026,83,1.67,168.59,19.06,0.758,High
Amberpet,17.39,78.516,480,2.4,3.5,2026-03-31,2026,90,1.71,168.59,19.61,0.759,High
Amberpet,17.39,78.516,480,2.4,3.5,2026-04-07,2026,97,1.3,168.59,20.18,0.753,High
Amberpet,17.39,78.516,480,2.4,3.5,2026-04-14,2026,104,1.31,168.59,20.76,0.753,High
Amberpet,17.39,78.516,480,2.4,3.5,2026-04-21,2026,111,1.33,168.59,21.35,0.754,High
Amberpet,17.39,78.516,480,2.4,3.5,2026-04-28,2026,118,1.36,168.59,21.95,0.754,High
Amberpet,17.39,78.516,480,2.4,3.5,2026-05-05,2026,125,2.79,168.59,22.57,0.774,High
Amberpet,17.39,78.516,480,2.4,3.5,2026-05-12,2026,132,2.95,168.59,23.21,0.776,High
Amberpet,17.39,78.516,480,2.4,3.5,2026-05-19,2026,139,2.96,168.59,23.86,0.776,High
Amberpet,17.39,78.516,480,2.4,3.5,2026-05-26,2026,146,3.01,168.59,24.52,0.777,High
Amberpet,17.39,78.516,480,2.4,3.5,2026-06-02,2026,153,25.73,168.59,25.2,1.0,High
Amberpet,17.39,78.516,480,2.4,3.5,2026-06-09,2026,160,26.7,168.59,25.89,1.0,High
Amberpet,17.39,78.516,480,2.4,3.5,2026-06-16,2026,167,27.17,168.59,26.6,1.0,High
Amberpet,17.39,78.516,480,2.4,3.5,2026-06-23,2026,174,27.75,168.59,27.33,1.0,High
Amberpet,17.39,78.516,480,2.4,3.5,2026-06-30,2026,181,28.46,168.59,28.07,1.0,High
Amberpet,17.39,78.516,480,2.4,3.5,2026-07-07,2026,188,28.39,168.59,28.84,1.0,High
Amberpet,17.39,78.516,480,2.4,3.5,2026-07-14,2026,195,28.84,168.59,29.61,1.0,High
Amberpet,17.39,78.516,480,2.4,3.5,2026-07-21,2026,202,29.49,168.59,30.41,1.0,High
Amberpet,17.39,78.516,480,2.4,3.5,2026-07-28,2026,209,30.26,168.59,31.23,1.0,High
Amberpet,17.39,78.516,480,2.4,3.5,2026-08-04,2026,216,29.92,168.59,32.06,1.0,High
Amberpet,17.39,78.516,480,2.4,3.5,2026-08-11,2026,223,30.26,168.59,32.91,1.0,High
Amberpet,17.39,78.516,480,2.4,3.5,2026-08-18,2026,230,31.1,168.59,33.79,1.0,High
Amberpet,17.39,78.516,480,2.4,3.5,2026-08-25,2026,237,31.96,168.59,34.68,1.0,High
Amberpet,17.39,78.516,480,2.4,3.5,2026-09-01,2026,244,25.61,168.59,35.59,1.0,High
Amberpet,17.39,78.516,480,2.4,3.5,2026-09-08,2026,251,26.02,168.59,36.53,1.0,High
Amberpet,17.39,78.516,480,2.4,3.5,2026-09-15,2026,258,26.56,168.59,37.48,1.0,High
Amberpet,17.39,78.516,480,2.4,3.5,2026-09-22,2026,265,27.25,168.59,38.46,1.0,High
Amberpet,17.39,78.516,480,2.4,3.5,2026-09-29,2026,272,27.98,168.59,39.46,1.0,High
Amberpet,17.39,78.516,480,2.4,3.5,2026-10-06,2026,279,13.97,168.59,40.48,0.928,High
Amberpet,17.39,78.516,480,2.4,3.5,2026-10-13,2026,286,14.16,168.59,41.53,0.931,High
Amberpet,17.39,78.516,480,2.4,3.5,2026-10-20,2026,293,14.53,168.59,42.6,0.936,High
Amberpet,17.39,78.516,480,2.4,3.5,2026-10-27,2026,300,14.97,168.59,43.7,0.942,High
Amberpet,17.39,78.516,480,2.4,3.5,2026-11-03,2026,307,15.47,168.7,44.82,0.95,High
Amberpet,17.39,78.516,480,2.4,3.5,2026-11-10,2026,314,15.62,168.7,45.97,0.952,High
Amberpet,17.39,78.516,480,2.4,3.5,2026-11-17,2026,321,16.02,168.7,47.14,0.957,High
Amberpet,17.39,78.516,480,2.4,3.5,2026-11-24,2026,328,16.47,168.7,48.34,0.963,High
Amberpet,17.39,78.516,480,2.4,3.5,2026-12-01,2026,335,8.26,168.7,49.57,0.85,High
Amberpet,17.39,78.516,480,2.4,3.5,2026-12-08,2026,342,8.36,168.7,50.83,0.851,High
Amberpet,17.39,78.516,480,2.4,3.5,2026-12-15,2026,349,8.52,168.7,52.12,0.853,High
Amberpet,17.39,78.516,480,2.4,3.5,2026-12-22,2026,356,8.75,168.7,53.43,0.857,High
Amberpet,17.39,78.516,480,2.4,3.5,2026-12-29,2026,363,9.0,168.7,54.78,0.86,High
Chaderghat,17.372,78.488,470,1.6,4.0,2025-01-07,2025,7,3.91,48.79,1.34,0.416,Medium
Chaderghat,17.372,78.488,470,1.6,4.0,2025-01-14,2025,14,4.23,52.45,1.4,0.433,Medium
Chaderghat,17.372,78.488,470,1.6,4.0,2025-01-21,2025,21,4.57,56.35,1.47,0.451,Medium
Chaderghat,17.372,78.488,470,1.6,4.0,2025-01-28,2025,28,4.48,60.89,1.54,0.464,Medium
Chaderghat,17.372,78.488,470,1.6,4.0,2025-02-04,2025,35,3.91,66.63,1.64,0.475,Medium
Chaderghat,17.372,78.488,470,1.6,4.0,2025-02-11,2025,42,3.58,72.18,1.74,0.489,Medium
Chaderghat,17.372,78.488,470,1.6,4.0,2025-02-18,2025,49,3.3,78.06,1.84,0.505,Medium
Chaderghat,17.372,78.488,470,1.6,4.0,2025-02-25,2025,56,3.37,84.3,1.95,0.527,Medium
Chaderghat,17.372,78.488,470,1.6,4.0,2025-03-04,2025,63,1.49,92.24,2.08,0.527,Medium
Chaderghat,17.372,78.488,470,1.6,4.0,2025-03-11,2025,70,1.5,101.21,2.23,0.557,High
Chaderghat,17.372,78.488,470,1.6,4.0,2025-03-18,2025,77,1.53,111.65,2.41,0.592,High
Chaderghat,17.372,78.488,470,1.6,4.0,2025-03-25,2025,84,1.57,124.22,2.62,0.634,High
Chaderghat,17.372,78.488,470,1.6,4.0,2025-04-01,2025,91,1.26,138.2,2.85,0.677,High
Chaderghat,17.372,78.488,470,1.6,4.0,2025-04-08,2025,98,1.23,151.73,3.07,0.721,High
Chaderghat,17.372,78.488,470,1.6,4.0,2025-04-15,2025,105,1.24,163.6,3.29,0.761,High
Chaderghat,17.372,78.488,470,1.6,4.0,2025-04-22,2025,112,1.25,171.43,3.5,0.787,High
Chaderghat,17.372,78.488,470,1.6,4.0,2025-04-29,2025,119,1.26,171.43,3.7,0.787,High
Chaderghat,17.372,78.488,470,1.6,4.0,2025-05-06,2025,126,2.96,171.43,3.9,0.811,High
Chaderghat,17.372,78.488,470,1.6,4.0,2025-05-13,2025,133,2.84,171.43,4.12,0.809,High
Chaderghat,17.372,78.488,470,1.6,4.0,2025-05-20,2025,140,2.71,171.43,4.35,0.807,High
Chaderghat,17.372,78.488,470,1.6,4.0,2025-05-27,2025,147,2.78,171.43,4.59,0.808,High
Chaderghat,17.372,78.488,470,1.6,4.0,2025-06-03,2025,154,25.1,171.43,4.84,1.0,High
Chaderghat,17.372,78.488,470,1.6,4.0,2025-06-10,2025,161,25.17,171.43,5.1,1.0,High
Chaderghat,17.372,78.488,470,1.6,4.0,2025-06-17,2025,168,25.31,171.43,5.37,1.0,High
Chaderghat,17.372,78.488,470,1.6,4.0,2025-06-24,2025,175,26.06,171.43,5.65,1.0,High
Chaderghat,17.372,78.488,470,1.6,4.0,2025-07-01,2025,182,26.92,171.43,5.93,1.0,High
Chaderghat,17.372,78.488,470,1.6,4.0,2025-07-08,2025,189,26.58,171.43,6.21,1.0,High
Chaderghat,17.372,78.488,470,1.6,4.0,2025-07-15,2025,196,26.8,171.43,6.51,1.0,High
Chaderghat,17.372,78.488,470,1.6,4.0,2025-07-22,2025,203,27.61,171.43,6.81,1.0,High
Chaderghat,17.372,78.488,470,1.6,4.0,2025-07-29,2025,210,28.89,171.43,7.12,1.0,High
Chaderghat,17.372,78.488,470,1.6,4.0,2025-08-05,2025,217,26.97,171.43,7.44,1.0,High
Chaderghat,17.372,78.488,470,1.6,4.0,2025-08-12,2025,224,27.9,171.43,7.77,1.0,High
Chaderghat,17.372,78.488,470,1.6,4.0,2025-08-19,2025,231,29.06,171.43,8.11,1.0,High
Chaderghat,17.372,78.488,470,1.6,4.0,2025-08-26,2025,238,30.43,171.43,8.47,1.0,High
Chaderghat,17.372,78.488,470,1.6,4.0,2025-09-02,2025,245,24.24,171.43,8.83,1.0,High
Chaderghat,17.372,78.488,470,1.6,4.0,2025-09-09,2025,252,24.19,171.43,9.2,1.0,High
Chaderghat,17.372,78.488,470,1.6,4.0,2025-09-16,2025,259,24.12,171.43,9.58,1.0,High
Chaderghat,17.372,78.488,470,1.6,4.0,2025-09-23,2025,266,24.87,171.43,9.98,1.0,High
Chaderghat,17.372,78.488,470,1.6,4.0,2025-09-30,2025,273,25.95,171.43,10.38,1.0,High
Chaderghat,17.372,78.488,470,1.6,4.0,2025-10-07,2025,280,12.7,171.43,10.8,0.945,High
Chaderghat,17.372,78.488,470,1.6,4.0,2025-10-14,2025,287,12.86,171.43,11.23,0.947,High
Chaderghat,17.372,78.488,470,1.6,4.0,2025-10-21,2025,294,13.49,171.43,11.67,0.956,High
Chaderghat,17.372,78.488,470,1.6,4.0,2025-10-28,2025,301,14.48,171.43,12.12,0.97,High
Chaderghat,17.372,78.488,470,1.6,4.0,2025-11-04,2025,308,14.04,171.54,12.59,0.964,High
Chaderghat,17.372,78.488,470,1.6,4.0,2025-11-11,2025,315,14.35,171.54,13.08,0.968,High
Chaderghat,17.372,78.488,470,1.6,4.0,2025-11-18,2025,322,14.92,171.54,13.57,0.976,High
Chaderghat,17.372,78.488,470,1.6,4.0,2025-11-25,2025,329,15.67,171.54,14.08,0.987,High
Chaderghat,17.372,78.488,470,1.6,4.0,2025-12-02,2025,336,7.96,171.54,14.61,0.88,High
Chaderghat,17.372,78.488,470,1.6,4.0,2025-12-09,2025,343,7.84,171.54,15.15,0.878,High
Chaderghat,17.372,78.488,470,1.6,4.0,2025-12-16,2025,350,7.75,171.54,15.71,0.877,High
Chaderghat,17.372,78.488,470,1.6,4.0,2025-12-23,2025,357,7.88,171.54,16.28,0.879,High
Chaderghat,17.372,78.488,470,1.6,4.0,2025-12-30,2025,364,8.37,171.54,16.87,0.886,High
Chaderghat,17.372,78.488,470,1.6,4.0,2026-01-06,2026,6,4.63,171.54,17.48,0.834,High
Chaderghat,17.372,78.488,470,1.6,4.0,2026-01-13,2026,13,4.8,171.54,18.1,0.836,High
Chaderghat,17.372,78.488,470,1.6,4.0,2026-01-20,2026,20,5.0,171.54,18.74,0.839,High
Chaderghat,17.372,78.488,470,1.6,4.0,2026-01-27,2026,27,5.17,171.54,19.4,0.841,High
Chaderghat,17.372,78.488,470,1.6,4.0,2026-02-03,2026,34,3.54,171.43,20.09,0.819,High
Chaderghat,17.372,78.488,470,1.6,4.0,2026-02-10,2026,41,3.9,171.43,20.79,0.824,High
Chaderghat,17.372,78.488,470,1.6,4.0,2026-02-17,2026,48,3.89,171.43,21.51,0.823,High
Chaderghat,17.372,78.488,470,1.6,4.0,2026-02-24,2026,55,3.96,171.43,22.25,0.824,High
Chaderghat,17.372,78.488,470,1.6,4.0,2026-03-03,2026,62,1.61,171.43,23.01,0.792,High
Chaderghat,17.372,78.488,470,1.6,4.0,2026-03-10,2026,69,1.69,171.43,23.8,0.793,High
Chaderghat,17.372,78.488,470,1.6,4.0,2026-03-17,2026,76,1.74,171.43,24.61,0.794,High
Chaderghat,17.372,78.488,470,1.6,4.0,2026-03-24,2026,83,1.79,171.43,25.44,0.794,High
Chaderghat,17.372,78.488,470,1.6,4.0,2026-03-31,2026,90,1.85,171.43,26.3,0.795,High
Chaderghat,17.372,78.488,470,1.6,4.0,2026-04-07,2026,97,1.37,171.43,27.18,0.789,High
Chaderghat,17.372,78.488,470,1.6,4.0,2026-04-14,2026,104,1.4,171.43,28.09,0.789,High
Chaderghat,17.372,78.488,470,1.6,4.0,2026-04-21,2026,111,1.44,171.43,29.03,0.79,High
Chaderghat,17.372,78.488,470,1.6,4.0,2026-04-28,2026,118,1.48,171.43,29.99,0.79,High
Chaderghat,17.372,78.488,470,1.6,4.0,2026-05-05,2026,125,2.93,171.43,30.98,0.81,High
Chaderghat,17.372,78.488,470,1.6,4.0,2026-05-12,2026,132,3.13,171.43,32.0,0.813,High
Chaderghat,17.372,78.488,470,1.6,4.0,2026-05-19,2026,139,3.17,171.43,33.05,0.813,High
Chaderghat,17.372,78.488,470,1.6,4.0,2026-05-26,2026,146,3.24,171.43,34.13,0.814,High
Chaderghat,17.372,78.488,470,1.6,4.0,2026-06-02,2026,153,27.02,171.43,35.24,1.0,High
Chaderghat,17.372,78.488,470,1.6,4.0,2026-06-09,2026,160,28.31,171.43,36.38,1.0,High
Chaderghat,17.372,78.488,470,1.6,4.0,2026-06-16,2026,167,29.01,171.43,37.56,1.0,High
Chaderghat,17.372,78.488,470,1.6,4.0,2026-06-23,2026,174,29.86,171.43,38.77,1.0,High
Chaderghat,17.372,78.488,470,1.6,4.0,2026-06-30,2026,181,30.86,171.43,40.02,1.0,High
Chaderghat,17.372,78.488,470,1.6,4.0,2026-07-07,2026,188,30.1,171.43,41.3,1.0,High
Chaderghat,17.372,78.488,470,1.6,4.0,2026-07-14,2026,195,30.79,171.43,42.63,1.0,High
Chaderghat,17.372,78.488,470,1.6,4.0,2026-07-21,2026,202,31.72,171.43,43.99,1.0,High
Chaderghat,17.372,78.488,470,1.6,4.0,2026-07-28,2026,209,32.8,171.43,45.38,1.0,High
Chaderghat,17.372,78.488,470,1.6,4.0,2026-08-04,2026,216,31.4,171.43,46.83,1.0,High
Chaderghat,17.372,78.488,470,1.6,4.0,2026-08-11,2026,223,32.07,171.43,48.31,1.0,High
Chaderghat,17.372,78.488,470,1.6,4.0,2026-08-18,2026,230,33.19,171.43,49.83,1.0,High
Chaderghat,17.372,78.488,470,1.6,4.0,2026-08-25,2026,237,34.35,171.43,51.4,1.0,High
Chaderghat,17.372,78.488,470,1.6,4.0,2026-09-01,2026,244,27.14,172.02,53.02,1.0,High
Chaderghat,17.372,78.488,470,1.6,4.0,2026-09-08,2026,251,27.78,171.43,54.68,1.0,High
Chaderghat,17.372,78.488,470,1.6,4.0,2026-09-15,2026,258,28.57,171.43,56.4,1.0,High
Chaderghat,17.372,78.488,470,1.6,4.0,2026-09-22,2026,265,29.55,171.43,58.16,1.0,High
Chaderghat,17.372,78.488,470,1.6,4.0,2026-09-29,2026,272,30.58,171.43,59.97,1.0,High
Chaderghat,17.372,78.488,470,1.6,4.0,2026-10-06,2026,279,14.66,171.43,61.84,0.972,High
Chaderghat,17.372,78.488,470,1.6,4.0,2026-10-13,2026,286,15.0,171.43,63.76,0.977,High
Chaderghat,17.372,78.488,470,1.6,4.0,2026-10-20,2026,293,15.51,171.43,65.74,0.984,High
Chaderghat,17.372,78.488,470,1.6,4.0,2026-10-27,2026,300,16.09,171.43,67.77,0.992,High
Chaderghat,17.372,78.488,470,1.6,4.0,2026-11-03,2026,307,16.24,171.54,69.87,0.995,High
Chaderghat,17.372,78.488,470,1.6,4.0,2026-11-10,2026,314,16.55,171.54,72.02,0.999,High
Chaderghat,17.372,78.488,470,1.6,4.0,2026-11-17,2026,321,17.1,171.54,74.24,1.0,High
Chaderghat,17.372,78.488,470,1.6,4.0,2026-11-24,2026,328,17.7,171.54,76.53,1.0,High
Chaderghat,17.372,78.488,470,1.6,4.0,2026-12-01,2026,335,8.76,171.54,78.88,0.891,High
Chaderghat,17.372,78.488,470,1.6,4.0,2026-12-08,2026,342,8.93,171.54,81.3,0.894,High
Chaderghat,17.372,78.488,470,1.6,4.0,2026-12-15,2026,349,9.17,171.54,83.79,0.897,High
Chaderghat,17.372,78.488,470,1.6,4.0,2026-12-22,2026,356,9.48,171.54,86.35,0.901,High
Chaderghat,17.372,78.488,470,1.6,4.0,2026-12-29,2026,363,9.84,171.54,88.99,0.906,High
Gandipet,17.383,78.315,545,5.8,2.2,2025-01-07,2025,7,2.73,45.89,1.17,0.3,Low
Gandipet,17.383,78.315,545,5.8,2.2,2025-01-14,2025,14,2.77,47.84,1.2,0.307,Low
Gandipet,17.383,78.315,545,5.8,2.2,2025-01-21,2025,21,2.8,49.88,1.23,0.314,Low
Gandipet,17.383,78.315,545,5.8,2.2,2025-01-28,2025,28,2.56,52.77,1.27,0.321,Low
Gandipet,17.383,78.315,545,5.8,2.2,2025-02-04,2025,35,3.12,55.61,1.32,0.338,Low
Gandipet,17.383,78.315,545,5.8,2.2,2025-02-11,2025,42,2.77,58.94,1.38,0.344,Low
Gandipet,17.383,78.315,545,5.8,2.2,2025-02-18,2025,49,2.49,62.37,1.43,0.352,Medium
Gandipet,17.383,78.315,545,5.8,2.2,2025-02-25,2025,56,2.52,66.12,1.48,0.365,Medium
Gandipet,17.383,78.315,545,5.8,2.2,2025-03-04,2025,63,1.25,70.01,1.54,0.36,Medium
Gandipet,17.383,78.315,545,5.8,2.2,2025-03-11,2025,70,1.24,74.64,1.61,0.375,Medium
Gandipet,17.383,78.315,545,5.8,2.2,2025-03-18,2025,77,1.24,79.51,1.7,0.391,Medium
Gandipet,17.383,78.315,545,5.8,2.2,2025-03-25,2025,84,1.23,85.96,1.8,0.413,Medium
Gandipet,17.383,78.315,545,5.8,2.2,2025-04-01,2025,91,1.14,93.42,1.91,0.436,Medium
Gandipet,17.383,78.315,545,5.8,2.2,2025-04-08,2025,98,1.1,99.37,2.0,0.455,Medium
Gandipet,17.383,78.315,545,5.8,2.2,2025-04-15,2025,105,1.07,105.42,2.1,0.475,Medium
Gandipet,17.383,78.315,545,5.8,2.2,2025-04-22,2025,112,1.07,112.53,2.21,0.499,Medium
Gandipet,17.383,78.315,545,5.8,2.2,2025-04-29,2025,119,1.05,119.89,2.32,0.523,Medium
Gandipet,17.383,78.315,545,5.8,2.2,2025-05-06,2025,126,2.8,127.66,2.45,0.573,High
Gandipet,17.383,78.315,545,5.8,2.2,2025-05-13,2025,133,2.66,136.09,2.58,0.599,High
Gandipet,17.383,78.315,545,5.8,2.2,2025-05-20,2025,140,2.5,146.52,2.73,0.631,High
Gandipet,17.383,78.315,545,5.8,2.2,2025-05-27,2025,147,2.45,155.71,2.88,0.661,High
Gandipet,17.383,78.315,545,5.8,2.2,2025-06-03,2025,154,25.01,165.54,3.04,1.0,High
Gandipet,17.383,78.315,545,5.8,2.2,2025-06-10,2025,161,24.77,165.54,3.16,1.0,High
Gandipet,17.383,78.315,545,5.8,2.2,2025-06-17,2025,168,24.43,165.54,3.29,0.998,High
Gandipet,17.383,78.315,545,5.8,2.2,2025-06-24,2025,175,24.47,165.54,3.42,0.998,High
Gandipet,17.383,78.315,545,5.8,2.2,2025-07-01,2025,182,25.96,165.54,3.55,1.0,High
Gandipet,17.383,78.315,545,5.8,2.2,2025-07-08,2025,189,25.09,165.54,3.68,1.0,High
Gandipet,17.383,78.315,545,5.8,2.2,2025-07-15,2025,196,24.71,165.54,3.82,1.0,High
Gandipet,17.383,78.315,545,5.8,2.2,2025-07-22,2025,203,24.81,165.54,3.96,1.0,High
Gandipet,17.383,78.315,545,5.8,2.2,2025-07-29,2025,210,25.27,165.54,4.1,1.0,High
Gandipet,17.383,78.315,545,5.8,2.2,2025-08-05,2025,217,25.03,165.54,4.24,1.0,High
Gandipet,17.383,78.315,545,5.8,2.2,2025-08-12,2025,224,25.35,165.54,4.39,1.0,High
Gandipet,17.383,78.315,545,5.8,2.2,2025-08-19,2025,231,25.8,165.54,4.53,1.0,High
Gandipet,17.383,78.315,545,5.8,2.2,2025-08-26,2025,238,26.38,165.54,4.68,1.0,High
Gandipet,17.383,78.315,545,5.8,2.2,2025-09-02,2025,245,22.51,165.54,4.82,0.971,High
Gandipet,17.383,78.315,545,5.8,2.2,2025-09-09,2025,252,21.9,165.54,4.96,0.963,High
Gandipet,17.383,78.315,545,5.8,2.2,2025-09-16,2025,259,21.34,165.54,5.11,0.955,High
Gandipet,17.383,78.315,545,5.8,2.2,2025-09-23,2025,266,21.32,165.54,5.26,0.955,High
Gandipet,17.383,78.315,545,5.8,2.2,2025-09-30,2025,273,21.69,165.54,5.4,0.96,High
Gandipet,17.383,78.315,545,5.8,2.2,2025-10-07,2025,280,11.67,165.54,5.55,0.821,High
Gandipet,17.383,78.315,545,5.8,2.2,2025-10-14,2025,287,11.56,165.54,5.7,0.82,High
Gandipet,17.383,78.315,545,5.8,2.2,2025-10-21,2025,294,11.89,165.54,5.86,0.824,High
Gandipet,17.383,78.315,545,5.8,2.2,2025-10-28,2025,301,12.43,165.54,6.01,0.832,High
Gandipet,17.383,78.315,545,5.8,2.2,2025-11-04,2025,308,13.34,165.65,6.16,0.845,High
Gandipet,17.383,78.315,545,5.8,2.2,2025-11-11,2025,315,13.44,165.65,6.32,0.846,High
Gandipet,17.383,78.315,545,5.8,2.2,2025-11-18,2025,322,13.7,165.65,6.47,0.85,High
Gandipet,17.383,78.315,545,5.8,2.2,2025-11-25,2025,329,14.03,165.65,6.63,0.854,High
Gandipet,17.383,78.315,545,5.8,2.2,2025-12-02,2025,336,7.11,165.65,6.79,0.759,High
Gandipet,17.383,78.315,545,5.8,2.2,2025-12-09,2025,343,6.84,165.65,6.94,0.755,High
Gandipet,17.383,78.315,545,5.8,2.2,2025-12-16,2025,350,6.64,165.65,7.1,0.752,High
Gandipet,17.383,78.315,545,5.8,2.2,2025-12-23,2025,357,6.59,165.65,7.26,0.752,High
Gandipet,17.383,78.315,545,5.8,2.2,2025-12-30,2025,364,6.79,165.65,7.43,0.754,High
Gandipet,17.383,78.315,545,5.8,2.2,2026-01-06,2026,6,2.64,165.54,7.59,0.697,High
Gandipet,17.383,78.315,545,5.8,2.2,2026-01-13,2026,13,2.73,165.54,7.75,0.698,High
Gandipet,17.383,78.315,545,5.8,2.2,2026-01-20,2026,20,2.73,165.54,7.92,0.698,High
Gandipet,17.383,78.315,545,5.8,2.2,2026-01-27,2026,27,2.72,165.54,8.08,0.698,High
Gandipet,17.383,78.315,545,5.8,2.2,2026-02-03,2026,34,2.62,165.54,8.25,0.696,High
Gandipet,17.383,78.315,545,5.8,2.2,2026-02-10,2026,41,2.73,165.54,8.41,0.698,High
Gandipet,17.383,78.315,545,5.8,2.2,2026-02-17,2026,48,2.65,165.54,8.58,0.697,High
Gandipet,17.383,78.315,545,5.8,2.2,2026-02-24,2026,55,2.63,165.54,8.75,0.696,High
Gandipet,17.383,78.315,545,5.8,2.2,2026-03-03,2026,62,1.23,165.54,8.92,0.677,High
Gandipet,17.383,78.315,545,5.8,2.2,2026-03-10,2026,69,1.25,165.54,9.1,0.677,High
Gandipet,17.383,78.315,545,5.8,2.2,2026-03-17,2026,76,1.25,165.54,9.27,0.677,High
Gandipet,17.383,78.315,545,5.8,2.2,2026-03-24,2026,83,1.25,165.54,9.44,0.677,High
Gandipet,17.383,78.315,545,5.8,2.2,2026-03-31,2026,90,1.25,165.54,9.62,0.677,High
Gandipet,17.383,78.315,545,5.8,2.2,2026-04-07,2026,97,1.1,165.54,9.8,0.675,High
Gandipet,17.383,78.315,545,5.8,2.2,2026-04-14,2026,104,1.09,165.54,9.97,0.675,High
Gandipet,17.383,78.315,545,5.8,2.2,2026-04-21,2026,111,1.08,165.54,10.15,0.675,High
Gandipet,17.383,78.315,545,5.8,2.2,2026-04-28,2026,118,1.09,165.54,10.33,0.675,High
Gandipet,17.383,78.315,545,5.8,2.2,2026-05-05,2026,125,2.55,165.54,10.51,0.695,High
Gandipet,17.383,78.315,545,5.8,2.2,2026-05-12,2026,132,2.62,165.54,10.7,0.696,High
Gandipet,17.383,78.315,545,5.8,2.2,2026-05-19,2026,139,2.58,165.54,10.88,0.696,High
Gandipet,17.383,78.315,545,5.8,2.2,2026-05-26,2026,146,2.57,165.54,11.06,0.696,High
Gandipet,17.383,78.315,545,5.8,2.2,2026-06-02,2026,153,24.61,165.54,11.25,1.0,High
Gandipet,17.383,78.315,545,5.8,2.2,2026-06-09,2026,160,24.9,165.54,11.44,1.0,High
Gandipet,17.383,78.315,545,5.8,2.2,2026-06-16,2026,167,24.88,165.54,11.63,1.0,High
Gandipet,17.383,78.315,545,5.8,2.2,2026-06-23,2026,174,24.9,165.54,11.82,1.0,High
Gandipet,17.383,78.315,545,5.8,2.2,2026-06-30,2026,181,25.0,165.54,12.01,1.0,High
Gandipet,17.383,78.315,545,5.8,2.2,2026-07-07,2026,188,25.42,165.54,12.2,1.0,High
Gandipet,17.383,78.315,545,5.8,2.2,2026-07-14,2026,195,25.31,165.54,12.39,1.0,High
Gandipet,17.383,78.315,545,5.8,2.2,2026-07-21,2026,202,25.35,165.54,12.59,1.0,High
Gandipet,17.383,78.315,545,5.8,2.2,2026-07-28,2026,209,25.48,165.54,12.78,1.0,High
Gandipet,17.383,78.315,545,5.8,2.2,2026-08-04,2026,216,26.5,165.54,12.98,1.0,High
Gandipet,17.383,78.315,545,5.8,2.2,2026-08-11,2026,223,26.07,165.54,13.18,1.0,High
Gandipet,17.383,78.315,545,5.8,2.2,2026-08-18,2026,230,26.28,165.54,13.38,1.0,High
Gandipet,17.383,78.315,545,5.8,2.2,2026-08-25,2026,237,26.46,165.54,13.58,1.0,High
Gandipet,17.383,78.315,545,5.8,2.2,2026-09-01,2026,244,21.97,165.54,13.78,0.964,High
Gandipet,17.383,78.315,545,5.8,2.2,2026-09-08,2026,251,21.86,165.54,13.98,0.962,High
Gandipet,17.383,78.315,545,5.8,2.2,2026-09-15,2026,258,21.85,165.54,14.19,0.962,High
Gandipet,17.383,78.315,545,5.8,2.2,2026-09-22,2026,265,21.96,165.54,14.39,0.964,High
Gandipet,17.383,78.315,545,5.8,2.2,2026-09-29,2026,272,22.08,165.54,14.6,0.965,High
Gandipet,17.383,78.315,545,5.8,2.2,2026-10-06,2026,279,12.28,165.54,14.81,0.83,High
Gandipet,17.383,78.315,545,5.8,2.2,2026-10-13,2026,286,12.08,165.54,15.02,0.827,High
Gandipet,17.383,78.315,545,5.8,2.2,2026-10-20,2026,293,12.17,165.54,15.23,0.828,High
Gandipet,17.383,78.315,545,5.8,2.2,2026-10-27,2026,300,12.29,165.54,15.44,0.83,High
Gandipet,17.383,78.315,545,5.8,2.2,2026-11-03,2026,307,14.07,165.65,15.66,0.855,High
Gandipet,17.383,78.315,545,5.8,2.2,2026-11-10,2026,314,13.85,165.65,15.87,0.852,High
Gandipet,17.383,78.315,545,5.8,2.2,2026-11-17,2026,321,13.96,165.65,16.09,0.853,High
Gandipet,17.383,78.315,545,5.8,2.2,2026-11-24,2026,328,14.06,165.65,16.31,0.855,High
Gandipet,17.383,78.315,545,5.8,2.2,2026-12-01,2026,335,6.86,165.65,16.53,0.755,High
Gandipet,17.383,78.315,545,5.8,2.2,2026-12-08,2026,342,6.81,165.65,16.75,0.755,High
Gandipet,17.383,78.315,545,5.8,2.2,2026-12-15,2026,349,6.81,165.65,16.97,0.755,High
Gandipet,17.383,78.315,545,5.8,2.2,2026-12-22,2026,356,6.84,165.65,17.2,0.755,High
Gandipet,17.383,78.315,545,5.8,2.2,2026-12-29,2026,363,6.89,165.65,17.42,0.756,High
Ghatkesar Downstream,17.45,78.685,440,3.1,2.4,2025-01-07,2025,7,3.62,45.35,1.2,0.321,Low
Ghatkesar Downstream,17.45,78.685,440,3.1,2.4,2025-01-14,2025,14,3.87,47.59,1.23,0.332,Low
Ghatkesar Downstream,17.45,78.685,440,3.1,2.4,2025-01-21,2025,21,4.11,49.75,1.27,0.342,Low
Ghatkesar Downstream,17.45,78.685,440,3.1,2.4,2025-01-28,2025,28,3.93,52.5,1.31,0.349,Low
Ghatkesar Downstream,17.45,78.685,440,3.1,2.4,2025-02-04,2025,35,3.62,56.17,1.37,0.357,Medium
Ghatkesar Downstream,17.45,78.685,440,3.1,2.4,2025-02-11,2025,42,3.26,59.42,1.42,0.363,Medium
Ghatkesar Downstream,17.45,78.685,440,3.1,2.4,2025-02-18,2025,49,2.94,62.86,1.48,0.37,Medium
Ghatkesar Downstream,17.45,78.685,440,3.1,2.4,2025-02-25,2025,56,2.93,65.92,1.53,0.38,Medium
Ghatkesar Downstream,17.45,78.685,440,3.1,2.4,2025-03-04,2025,63,1.39,70.19,1.6,0.372,Medium
Ghatkesar Downstream,17.45,78.685,440,3.1,2.4,2025-03-11,2025,70,1.37,75.05,1.68,0.388,Medium
Ghatkesar Downstream,17.45,78.685,440,3.1,2.4,2025-03-18,2025,77,1.37,80.35,1.77,0.406,Medium
Ghatkesar Downstream,17.45,78.685,440,3.1,2.4,2025-03-25,2025,84,1.37,86.81,1.87,0.427,Medium
Ghatkesar Downstream,17.45,78.685,440,3.1,2.4,2025-04-01,2025,91,1.16,94.69,2.0,0.451,Medium
Ghatkesar Downstream,17.45,78.685,440,3.1,2.4,2025-04-08,2025,98,1.12,100.31,2.09,0.469,Medium
Ghatkesar Downstream,17.45,78.685,440,3.1,2.4,2025-04-15,2025,105,1.11,107.22,2.2,0.492,Medium
Ghatkesar Downstream,17.45,78.685,440,3.1,2.4,2025-04-22,2025,112,1.09,113.81,2.31,0.513,Medium
Ghatkesar Downstream,17.45,78.685,440,3.1,2.4,2025-04-29,2025,119,1.07,121.77,2.44,0.539,Medium
Ghatkesar Downstream,17.45,78.685,440,3.1,2.4,2025-05-06,2025,126,2.75,128.64,2.56,0.585,High
Ghatkesar Downstream,17.45,78.685,440,3.1,2.4,2025-05-13,2025,133,2.59,137.56,2.7,0.613,High
Ghatkesar Downstream,17.45,78.685,440,3.1,2.4,2025-05-20,2025,140,2.42,148.58,2.86,0.647,High
Ghatkesar Downstream,17.45,78.685,440,3.1,2.4,2025-05-27,2025,147,2.42,159.34,3.03,0.683,High
Ghatkesar Downstream,17.45,78.685,440,3.1,2.4,2025-06-03,2025,154,23.27,159.34,3.15,0.971,High
Ghatkesar Downstream,17.45,78.685,440,3.1,2.4,2025-06-10,2025,161,22.97,159.34,3.28,0.967,High
Ghatkesar Downstream,17.45,78.685,440,3.1,2.4,2025-06-17,2025,168,22.65,159.34,3.42,0.963,High
Ghatkesar Downstream,17.45,78.685,440,3.1,2.4,2025-06-24,2025,175,22.8,159.34,3.55,0.965,High
Ghatkesar Downstream,17.45,78.685,440,3.1,2.4,2025-07-01,2025,182,24.96,159.34,3.69,0.995,High
Ghatkesar Downstream,17.45,78.685,440,3.1,2.4,2025-07-08,2025,189,24.25,159.34,3.83,0.985,High
Ghatkesar Downstream,17.45,78.685,440,3.1,2.4,2025-07-15,2025,196,23.97,159.34,3.98,0.981,High
Ghatkesar Downstream,17.45,78.685,440,3.1,2.4,2025-07-22,2025,203,24.15,159.34,4.13,0.983,High
Ghatkesar Downstream,17.45,78.685,440,3.1,2.4,2025-07-29,2025,210,24.64,159.34,4.27,0.99,High
Ghatkesar Downstream,17.45,78.685,440,3.1,2.4,2025-08-05,2025,217,25.01,159.34,4.43,0.995,High
Ghatkesar Downstream,17.45,78.685,440,3.1,2.4,2025-08-12,2025,224,25.47,159.34,4.58,1.0,High
Ghatkesar Downstream,17.45,78.685,440,3.1,2.4,2025-08-19,2025,231,26.05,159.34,4.73,1.0,High
Ghatkesar Downstream,17.45,78.685,440,3.1,2.4,2025-08-26,2025,238,26.71,159.34,4.88,1.0,High
Ghatkesar Downstream,17.45,78.685,440,3.1,2.4,2025-09-02,2025,245,22.48,159.34,5.03,0.96,High
Ghatkesar Downstream,17.45,78.685,440,3.1,2.4,2025-09-09,2025,252,22.07,159.34,5.19,0.955,High
Ghatkesar Downstream,17.45,78.685,440,3.1,2.4,2025-09-16,2025,259,21.58,159.34,5.34,0.948,High
Ghatkesar Downstream,17.45,78.685,440,3.1,2.4,2025-09-23,2025,266,21.75,159.34,5.5,0.95,High
Ghatkesar Downstream,17.45,78.685,440,3.1,2.4,2025-09-30,2025,273,22.11,159.34,5.66,0.955,High
Ghatkesar Downstream,17.45,78.685,440,3.1,2.4,2025-10-07,2025,280,11.78,159.34,5.82,0.812,High
Ghatkesar Downstream,17.45,78.685,440,3.1,2.4,2025-10-14,2025,287,11.73,159.34,5.99,0.812,High
Ghatkesar Downstream,17.45,78.685,440,3.1,2.4,2025-10-21,2025,294,12.1,159.34,6.15,0.817,High
Ghatkesar Downstream,17.45,78.685,440,3.1,2.4,2025-10-28,2025,301,12.72,159.34,6.32,0.825,High
Ghatkesar Downstream,17.45,78.685,440,3.1,2.4,2025-11-04,2025,308,13.02,159.44,6.48,0.83,High
Ghatkesar Downstream,17.45,78.685,440,3.1,2.4,2025-11-11,2025,315,13.09,159.44,6.65,0.831,High
Ghatkesar Downstream,17.45,78.685,440,3.1,2.4,2025-11-18,2025,322,13.37,159.44,6.82,0.835,High
Ghatkesar Downstream,17.45,78.685,440,3.1,2.4,2025-11-25,2025,329,13.75,159.44,6.99,0.84,High
Ghatkesar Downstream,17.45,78.685,440,3.1,2.4,2025-12-02,2025,336,7.38,159.44,7.17,0.752,High
Ghatkesar Downstream,17.45,78.685,440,3.1,2.4,2025-12-09,2025,343,7.15,159.44,7.34,0.749,High
Ghatkesar Downstream,17.45,78.685,440,3.1,2.4,2025-12-16,2025,350,6.93,159.44,7.52,0.746,High
Ghatkesar Downstream,17.45,78.685,440,3.1,2.4,2025-12-23,2025,357,6.88,159.44,7.7,0.745,High
Ghatkesar Downstream,17.45,78.685,440,3.1,2.4,2025-12-30,2025,364,7.13,159.44,7.87,0.748,High
Ghatkesar Downstream,17.45,78.685,440,3.1,2.4,2026-01-06,2026,6,3.95,159.44,8.06,0.704,High
Ghatkesar Downstream,17.45,78.685,440,3.1,2.4,2026-01-13,2026,13,3.97,159.44,8.24,0.705,High
Ghatkesar Downstream,17.45,78.685,440,3.1,2.4,2026-01-20,2026,20,4.04,159.44,8.42,0.706,High
Ghatkesar Downstream,17.45,78.685,440,3.1,2.4,2026-01-27,2026,27,4.08,159.44,8.61,0.706,High
Ghatkesar Downstream,17.45,78.685,440,3.1,2.4,2026-02-03,2026,34,3.0,159.34,8.8,0.691,High
Ghatkesar Downstream,17.45,78.685,440,3.1,2.4,2026-02-10,2026,41,3.21,159.34,8.99,0.694,High
Ghatkesar Downstream,17.45,78.685,440,3.1,2.4,2026-02-17,2026,48,3.13,159.34,9.18,0.693,High
Ghatkesar Downstream,17.45,78.685,440,3.1,2.4,2026-02-24,2026,55,3.1,159.34,9.37,0.692,High
Ghatkesar Downstream,17.45,78.685,440,3.1,2.4,2026-03-03,2026,62,1.38,159.34,9.57,0.669,High
Ghatkesar Downstream,17.45,78.685,440,3.1,2.4,2026-03-10,2026,69,1.4,159.34,9.76,0.669,High
Ghatkesar Downstream,17.45,78.685,440,3.1,2.4,2026-03-17,2026,76,1.4,159.34,9.96,0.669,High
Ghatkesar Downstream,17.45,78.685,440,3.1,2.4,2026-03-24,2026,83,1.41,159.34,10.16,0.669,High
Ghatkesar Downstream,17.45,78.685,440,3.1,2.4,2026-03-31,2026,90,1.42,159.34,10.36,0.669,High
Ghatkesar Downstream,17.45,78.685,440,3.1,2.4,2026-04-07,2026,97,1.13,159.34,10.57,0.665,High
Ghatkesar Downstream,17.45,78.685,440,3.1,2.4,2026-04-14,2026,104,1.13,159.34,10.77,0.665,High
Ghatkesar Downstream,17.45,78.685,440,3.1,2.4,2026-04-21,2026,111,1.13,159.34,10.98,0.665,High
Ghatkesar Downstream,17.45,78.685,440,3.1,2.4,2026-04-28,2026,118,1.13,159.34,11.19,0.665,High
Ghatkesar Downstream,17.45,78.685,440,3.1,2.4,2026-05-05,2026,125,2.49,159.34,11.4,0.684,High
Ghatkesar Downstream,17.45,78.685,440,3.1,2.4,2026-05-12,2026,132,2.58,159.34,11.61,0.685,High
Ghatkesar Downstream,17.45,78.685,440,3.1,2.4,2026-05-19,2026,139,2.55,159.34,11.83,0.685,High
Ghatkesar Downstream,17.45,78.685,440,3.1,2.4,2026-05-26,2026,146,2.54,159.34,12.04,0.685,High
Ghatkesar Downstream,17.45,78.685,440,3.1,2.4,2026-06-02,2026,153,23.03,159.34,12.26,0.968,High
Ghatkesar Downstream,17.45,78.685,440,3.1,2.4,2026-06-09,2026,160,23.4,159.34,12.48,0.973,High
Ghatkesar Downstream,17.45,78.685,440,3.1,2.4,2026-06-16,2026,167,23.43,159.34,12.71,0.973,High
Ghatkesar Downstream,17.45,78.685,440,3.1,2.4,2026-06-23,2026,174,23.52,159.34,12.93,0.975,High
Ghatkesar Downstream,17.45,78.685,440,3.1,2.4,2026-06-30,2026,181,23.7,159.34,13.16,0.977,High
Ghatkesar Downstream,17.45,78.685,440,3.1,2.4,2026-07-07,2026,188,24.88,159.34,13.39,0.994,High
Ghatkesar Downstream,17.45,78.685,440,3.1,2.4,2026-07-14,2026,195,24.86,159.34,13.62,0.993,High
Ghatkesar Downstream,17.45,78.685,440,3.1,2.4,2026-07-21,2026,202,24.99,159.34,13.85,0.995,High
Ghatkesar Downstream,17.45,78.685,440,3.1,2.4,2026-07-28,2026,209,25.2,159.34,14.09,0.998,High
Ghatkesar Downstream,17.45,78.685,440,3.1,2.4,2026-08-04,2026,216,26.84,159.34,14.33,1.0,High
Ghatkesar Downstream,17.45,78.685,440,3.1,2.4,2026-08-11,2026,223,26.54,159.34,14.57,1.0,High
Ghatkesar Downstream,17.45,78.685,440,3.1,2.4,2026-08-18,2026,230,26.85,159.34,14.81,1.0,High
Ghatkesar Downstream,17.45,78.685,440,3.1,2.4,2026-08-25,2026,237,27.13,159.34,15.05,1.0,High
Ghatkesar Downstream,17.45,78.685,440,3.1,2.4,2026-09-01,2026,244,22.44,159.34,15.3,0.96,High
Ghatkesar Downstream,17.45,78.685,440,3.1,2.4,2026-09-08,2026,251,22.43,159.34,15.55,0.96,High
Ghatkesar Downstream,17.45,78.685,440,3.1,2.4,2026-09-15,2026,258,22.5,159.34,15.8,0.961,High
Ghatkesar Downstream,17.45,78.685,440,3.1,2.4,2026-09-22,2026,265,22.69,159.34,16.05,0.963,High
Ghatkesar Downstream,17.45,78.685,440,3.1,2.4,2026-09-29,2026,272,22.88,159.34,16.31,0.966,High
Ghatkesar Downstream,17.45,78.685,440,3.1,2.4,2026-10-06,2026,279,12.53,159.34,16.56,0.823,High
Ghatkesar Downstream,17.45,78.685,440,3.1,2.4,2026-10-13,2026,286,12.41,159.34,16.82,0.821,High
Ghatkesar Downstream,17.45,78.685,440,3.1,2.4,2026-10-20,2026,293,12.55,159.34,17.09,0.823,High
Ghatkesar Downstream,17.45,78.685,440,3.1,2.4,2026-10-27,2026,300,12.71,159.34,17.35,0.825,High
Ghatkesar Downstream,17.45,78.685,440,3.1,2.4,2026-11-03,2026,307,13.88,159.44,17.62,0.842,High
Ghatkesar Downstream,17.45,78.685,440,3.1,2.4,2026-11-10,2026,314,13.69,159.44,17.89,0.839,High
Ghatkesar Downstream,17.45,78.685,440,3.1,2.4,2026-11-17,2026,321,13.83,159.44,18.16,0.841,High
Ghatkesar Downstream,17.45,78.685,440,3.1,2.4,2026-11-24,2026,328,13.98,159.44,18.43,0.843,High
Ghatkesar Downstream,17.45,78.685,440,3.1,2.4,2026-12-01,2026,335,7.24,159.44,18.71,0.75,High
Ghatkesar Downstream,17.45,78.685,440,3.1,2.4,2026-12-08,2026,342,7.21,159.44,18.99,0.749,High
Ghatkesar Downstream,17.45,78.685,440,3.1,2.4,2026-12-15,2026,349,7.22,159.44,19.27,0.75,High
Ghatkesar Downstream,17.45,78.685,440,3.1,2.4,2026-12-22,2026,356,7.28,159.44,19.56,0.75,High
Ghatkesar Downstream,17.45,78.685,440,3.1,2.4,2026-12-29,2026,363,7.36,159.44,19.84,0.752,High
Himayat Sagar,17.322,78.38,520,4.6,2.5,2025-01-07,2025,7,2.77,45.69,1.19,0.315,Low
Himayat Sagar,17.322,78.38,520,4.6,2.5,2025-01-14,2025,14,2.82,47.64,1.22,0.322,Low
Himayat Sagar,17.322,78.38,520,4.6,2.5,2025-01-21,2025,21,2.86,49.98,1.26,0.331,Low
Himayat Sagar,17.322,78.38,520,4.6,2.5,2025-01-28,2025,28,2.63,53.08,1.31,0.338,Low
Himayat Sagar,17.322,78.38,520,4.6,2.5,2025-02-04,2025,35,3.17,56.53,1.36,0.357,Medium
Himayat Sagar,17.322,78.38,520,4.6,2.5,2025-02-11,2025,42,2.82,60.1,1.42,0.364,Medium
Himayat Sagar,17.322,78.38,520,4.6,2.5,2025-02-18,2025,49,2.54,64.07,1.48,0.373,Medium
Himayat Sagar,17.322,78.38,520,4.6,2.5,2025-02-25,2025,56,2.59,67.7,1.54,0.386,Medium
Himayat Sagar,17.322,78.38,520,4.6,2.5,2025-03-04,2025,63,1.27,71.98,1.61,0.382,Medium
Himayat Sagar,17.322,78.38,520,4.6,2.5,2025-03-11,2025,70,1.27,77.34,1.69,0.4,Medium
Himayat Sagar,17.322,78.38,520,4.6,2.5,2025-03-18,2025,77,1.26,83.13,1.79,0.419,Medium
Himayat Sagar,17.322,78.38,520,4.6,2.5,2025-03-25,2025,84,1.26,89.81,1.9,0.441,Medium
Himayat Sagar,17.322,78.38,520,4.6,2.5,2025-04-01,2025,91,1.16,98.22,2.03,0.467,Medium
Himayat Sagar,17.322,78.38,520,4.6,2.5,2025-04-08,2025,98,1.12,104.76,2.13,0.489,Medium
Himayat Sagar,17.322,78.38,520,4.6,2.5,2025-04-15,2025,105,1.09,111.53,2.25,0.511,Medium
Himayat Sagar,17.322,78.38,520,4.6,2.5,2025-04-22,2025,112,1.09,119.59,2.37,0.538,Medium
Himayat Sagar,17.322,78.38,520,4.6,2.5,2025-04-29,2025,119,1.09,128.02,2.5,0.565,High
Himayat Sagar,17.322,78.38,520,4.6,2.5,2025-05-06,2025,126,2.84,137.73,2.65,0.622,High
Himayat Sagar,17.322,78.38,520,4.6,2.5,2025-05-13,2025,133,2.71,147.26,2.8,0.652,High
Himayat Sagar,17.322,78.38,520,4.6,2.5,2025-05-20,2025,140,2.56,156.1,2.96,0.679,High
Himayat Sagar,17.322,78.38,520,4.6,2.5,2025-05-27,2025,147,2.52,164.85,3.13,0.708,High
Himayat Sagar,17.322,78.38,520,4.6,2.5,2025-06-03,2025,154,25.38,164.85,3.26,1.0,High
Himayat Sagar,17.322,78.38,520,4.6,2.5,2025-06-10,2025,161,25.22,164.85,3.4,1.0,High
Himayat Sagar,17.322,78.38,520,4.6,2.5,2025-06-17,2025,168,24.96,164.85,3.55,1.0,High
Himayat Sagar,17.322,78.38,520,4.6,2.5,2025-06-24,2025,175,25.1,164.85,3.69,1.0,High
Himayat Sagar,17.322,78.38,520,4.6,2.5,2025-07-01,2025,182,26.34,164.85,3.84,1.0,High
Himayat Sagar,17.322,78.38,520,4.6,2.5,2025-07-08,2025,189,25.54,164.85,3.99,1.0,High
Himayat Sagar,17.322,78.38,520,4.6,2.5,2025-07-15,2025,196,25.25,164.85,4.15,1.0,High
Himayat Sagar,17.322,78.38,520,4.6,2.5,2025-07-22,2025,203,25.46,164.85,4.3,1.0,High
Himayat Sagar,17.322,78.38,520,4.6,2.5,2025-07-29,2025,210,26.06,164.85,4.47,1.0,High
Himayat Sagar,17.322,78.38,520,4.6,2.5,2025-08-05,2025,217,25.4,164.85,4.63,1.0,High
Himayat Sagar,17.322,78.38,520,4.6,2.5,2025-08-12,2025,224,25.8,164.85,4.79,1.0,High
Himayat Sagar,17.322,78.38,520,4.6,2.5,2025-08-19,2025,231,26.35,164.85,4.95,1.0,High
Himayat Sagar,17.322,78.38,520,4.6,2.5,2025-08-26,2025,238,27.05,164.85,5.11,1.0,High
Himayat Sagar,17.322,78.38,520,4.6,2.5,2025-09-02,2025,245,22.85,164.85,5.28,0.989,High
Himayat Sagar,17.322,78.38,520,4.6,2.5,2025-09-09,2025,252,22.29,164.85,5.45,0.981,High
Himayat Sagar,17.322,78.38,520,4.6,2.5,2025-09-16,2025,259,21.81,164.85,5.62,0.974,High
Himayat Sagar,17.322,78.38,520,4.6,2.5,2025-09-23,2025,266,21.88,164.85,5.79,0.975,High
Himayat Sagar,17.322,78.38,520,4.6,2.5,2025-09-30,2025,273,22.37,164.85,5.96,0.982,High
Himayat Sagar,17.322,78.38,520,4.6,2.5,2025-10-07,2025,280,11.84,164.85,6.14,0.837,High
Himayat Sagar,17.322,78.38,520,4.6,2.5,2025-10-14,2025,287,11.77,164.85,6.31,0.836,High
Himayat Sagar,17.322,78.38,520,4.6,2.5,2025-10-21,2025,294,12.14,164.85,6.49,0.841,High
Himayat Sagar,17.322,78.38,520,4.6,2.5,2025-10-28,2025,301,12.74,164.85,6.67,0.849,High
Himayat Sagar,17.322,78.38,520,4.6,2.5,2025-11-04,2025,308,13.54,164.96,6.86,0.86,High
Himayat Sagar,17.322,78.38,520,4.6,2.5,2025-11-11,2025,315,13.68,164.96,7.04,0.862,High
Himayat Sagar,17.322,78.38,520,4.6,2.5,2025-11-18,2025,322,13.99,164.96,7.23,0.867,High
Himayat Sagar,17.322,78.38,520,4.6,2.5,2025-11-25,2025,329,14.39,164.96,7.41,0.872,High
Himayat Sagar,17.322,78.38,520,4.6,2.5,2025-12-02,2025,336,7.22,164.96,7.61,0.773,High
Himayat Sagar,17.322,78.38,520,4.6,2.5,2025-12-09,2025,343,6.96,164.96,7.8,0.769,High
Himayat Sagar,17.322,78.38,520,4.6,2.5,2025-12-16,2025,350,6.78,164.96,7.99,0.767,High
Himayat Sagar,17.322,78.38,520,4.6,2.5,2025-12-23,2025,357,6.77,164.96,8.19,0.767,High
Himayat Sagar,17.322,78.38,520,4.6,2.5,2025-12-30,2025,364,7.0,164.96,8.39,0.77,High
Himayat Sagar,17.322,78.38,520,4.6,2.5,2026-01-06,2026,6,2.72,164.85,8.59,0.71,High
Himayat Sagar,17.322,78.38,520,4.6,2.5,2026-01-13,2026,13,2.83,164.85,8.79,0.712,High
Himayat Sagar,17.322,78.38,520,4.6,2.5,2026-01-20,2026,20,2.84,164.85,8.99,0.712,High
Himayat Sagar,17.322,78.38,520,4.6,2.5,2026-01-27,2026,27,2.84,164.85,9.2,0.712,High
Himayat Sagar,17.322,78.38,520,4.6,2.5,2026-02-03,2026,34,2.7,164.85,9.41,0.71,High
Himayat Sagar,17.322,78.38,520,4.6,2.5,2026-02-10,2026,41,2.84,164.85,9.62,0.712,High
Himayat Sagar,17.322,78.38,520,4.6,2.5,2026-02-17,2026,48,2.77,164.85,9.83,0.711,High
Himayat Sagar,17.322,78.38,520,4.6,2.5,2026-02-24,2026,55,2.76,164.85,10.05,0.711,High
Himayat Sagar,17.322,78.38,520,4.6,2.5,2026-03-03,2026,62,1.26,164.85,10.26,0.69,High
Himayat Sagar,17.322,78.38,520,4.6,2.5,2026-03-10,2026,69,1.3,164.85,10.48,0.691,High
Himayat Sagar,17.322,78.38,520,4.6,2.5,2026-03-17,2026,76,1.3,164.85,10.71,0.691,High
Himayat Sagar,17.322,78.38,520,4.6,2.5,2026-03-24,2026,83,1.31,164.85,10.93,0.691,High
Himayat Sagar,17.322,78.38,520,4.6,2.5,2026-03-31,2026,90,1.32,164.85,11.16,0.691,High
Himayat Sagar,17.322,78.38,520,4.6,2.5,2026-04-07,2026,97,1.14,164.85,11.39,0.689,High
Himayat Sagar,17.322,78.38,520,4.6,2.5,2026-04-14,2026,104,1.13,164.85,11.62,0.688,High
Himayat Sagar,17.322,78.38,520,4.6,2.5,2026-04-21,2026,111,1.14,164.85,11.85,0.689,High
Himayat Sagar,17.322,78.38,520,4.6,2.5,2026-04-28,2026,118,1.15,164.85,12.09,0.689,High
Himayat Sagar,17.322,78.38,520,4.6,2.5,2026-05-05,2026,125,2.63,164.85,12.33,0.709,High
Himayat Sagar,17.322,78.38,520,4.6,2.5,2026-05-12,2026,132,2.72,164.85,12.57,0.71,High
Himayat Sagar,17.322,78.38,520,4.6,2.5,2026-05-19,2026,139,2.69,164.85,12.81,0.71,High
Himayat Sagar,17.322,78.38,520,4.6,2.5,2026-05-26,2026,146,2.69,164.85,13.06,0.71,High
Himayat Sagar,17.322,78.38,520,4.6,2.5,2026-06-02,2026,153,25.38,164.85,13.3,1.0,High
Himayat Sagar,17.322,78.38,520,4.6,2.5,2026-06-09,2026,160,25.84,164.85,13.56,1.0,High
Himayat Sagar,17.322,78.38,520,4.6,2.5,2026-06-16,2026,167,25.93,164.85,13.81,1.0,High
Himayat Sagar,17.322,78.38,520,4.6,2.5,2026-06-23,2026,174,26.08,164.85,14.07,1.0,High
Himayat Sagar,17.322,78.38,520,4.6,2.5,2026-06-30,2026,181,26.31,164.85,14.33,1.0,High
Himayat Sagar,17.322,78.38,520,4.6,2.5,2026-07-07,2026,188,26.37,164.85,14.59,1.0,High
Himayat Sagar,17.322,78.38,520,4.6,2.5,2026-07-14,2026,195,26.38,164.85,14.85,1.0,High
Himayat Sagar,17.322,78.38,520,4.6,2.5,2026-07-21,2026,202,26.55,164.85,15.12,1.0,High
Himayat Sagar,17.322,78.38,520,4.6,2.5,2026-07-28,2026,209,26.82,164.85,15.39,1.0,High
Himayat Sagar,17.322,78.38,520,4.6,2.5,2026-08-04,2026,216,27.31,164.85,15.66,1.0,High
Himayat Sagar,17.322,78.38,520,4.6,2.5,2026-08-11,2026,223,27.04,164.85,15.94,1.0,High
Himayat Sagar,17.322,78.38,520,4.6,2.5,2026-08-18,2026,230,27.38,164.85,16.22,1.0,High
Himayat Sagar,17.322,78.38,520,4.6,2.5,2026-08-25,2026,237,27.7,164.85,16.5,1.0,High
Himayat Sagar,17.322,78.38,520,4.6,2.5,2026-09-01,2026,244,22.8,164.85,16.78,0.988,High
Himayat Sagar,17.322,78.38,520,4.6,2.5,2026-09-08,2026,251,22.79,164.85,17.07,0.988,High
Himayat Sagar,17.322,78.38,520,4.6,2.5,2026-09-15,2026,258,22.89,164.85,17.36,0.989,High
Himayat Sagar,17.322,78.38,520,4.6,2.5,2026-09-22,2026,265,23.11,164.85,17.65,0.992,High
Himayat Sagar,17.322,78.38,520,4.6,2.5,2026-09-29,2026,272,23.36,164.85,17.95,0.996,High
Himayat Sagar,17.322,78.38,520,4.6,2.5,2026-10-06,2026,279,12.66,164.85,18.25,0.848,High
Himayat Sagar,17.322,78.38,520,4.6,2.5,2026-10-13,2026,286,12.54,164.85,18.55,0.846,High
Himayat Sagar,17.322,78.38,520,4.6,2.5,2026-10-20,2026,293,12.68,164.85,18.86,0.848,High
Himayat Sagar,17.322,78.38,520,4.6,2.5,2026-10-27,2026,300,12.86,164.85,19.17,0.851,High
Himayat Sagar,17.322,78.38,520,4.6,2.5,2026-11-03,2026,307,14.5,164.96,19.48,0.874,High
Himayat Sagar,17.322,78.38,520,4.6,2.5,2026-11-10,2026,314,14.37,164.96,19.79,0.872,High
Himayat Sagar,17.322,78.38,520,4.6,2.5,2026-11-17,2026,321,14.54,164.96,20.11,0.874,High
Himayat Sagar,17.322,78.38,520,4.6,2.5,2026-11-24,2026,328,14.72,164.96,20.43,0.877,High
Himayat Sagar,17.322,78.38,520,4.6,2.5,2026-12-01,2026,335,7.12,164.96,20.76,0.772,High
Himayat Sagar,17.322,78.38,520,4.6,2.5,2026-12-08,2026,342,7.1,164.96,21.09,0.771,High
Himayat Sagar,17.322,78.38,520,4.6,2.5,2026-12-15,2026,349,7.13,164.96,21.42,0.772,High
Himayat Sagar,17.322,78.38,520,4.6,2.5,2026-12-22,2026,356,7.2,164.96,21.76,0.773,High
Himayat Sagar,17.322,78.38,520,4.6,2.5,2026-12-29,2026,363,7.29,164.96,22.1,0.774,High
Moosarambagh,17.371,78.532,468,1.8,3.8,2025-01-07,2025,7,3.87,48.36,1.33,0.404,Medium
Moosarambagh,17.371,78.532,468,1.8,3.8,2025-01-14,2025,14,4.18,51.52,1.38,0.419,Medium
Moosarambagh,17.371,78.532,468,1.8,3.8,2025-01-21,2025,21,4.52,55.84,1.44,0.438,Medium
Moosarambagh,17.371,78.532,468,1.8,3.8,2025-01-28,2025,28,4.41,59.58,1.51,0.449,Medium
Moosarambagh,17.371,78.532,468,1.8,3.8,2025-02-04,2025,35,3.87,64.92,1.6,0.459,Medium
Moosarambagh,17.371,78.532,468,1.8,3.8,2025-02-11,2025,42,3.54,70.54,1.7,0.473,Medium
Moosarambagh,17.371,78.532,468,1.8,3.8,2025-02-18,2025,49,3.26,75.8,1.79,0.487,Medium
Moosarambagh,17.371,78.532,468,1.8,3.8,2025-02-25,2025,56,3.31,81.62,1.89,0.507,Medium
Moosarambagh,17.371,78.532,468,1.8,3.8,2025-03-04,2025,63,1.48,89.16,2.01,0.507,Medium
Moosarambagh,17.371,78.532,468,1.8,3.8,2025-03-11,2025,70,1.48,98.66,2.16,0.538,Medium
Moosarambagh,17.371,78.532,468,1.8,3.8,2025-03-18,2025,77,1.51,107.77,2.32,0.569,High
Moosarambagh,17.371,78.532,468,1.8,3.8,2025-03-25,2025,84,1.54,119.15,2.51,0.607,High
Moosarambagh,17.371,78.532,468,1.8,3.8,2025-04-01,2025,91,1.24,131.99,2.73,0.646,High
Moosarambagh,17.371,78.532,468,1.8,3.8,2025-04-08,2025,98,1.22,142.86,2.92,0.682,High
Moosarambagh,17.371,78.532,468,1.8,3.8,2025-04-15,2025,105,1.22,153.81,3.12,0.718,High
Moosarambagh,17.371,78.532,468,1.8,3.8,2025-04-22,2025,112,1.23,169.94,3.36,0.772,High
Moosarambagh,17.371,78.532,468,1.8,3.8,2025-04-29,2025,119,1.24,169.94,3.54,0.772,High
Moosarambagh,17.371,78.532,468,1.8,3.8,2025-05-06,2025,126,2.94,169.94,3.73,0.795,High
Moosarambagh,17.371,78.532,468,1.8,3.8,2025-05-13,2025,133,2.81,169.94,3.93,0.794,High
Moosarambagh,17.371,78.532,468,1.8,3.8,2025-05-20,2025,140,2.67,169.94,4.15,0.792,High
Moosarambagh,17.371,78.532,468,1.8,3.8,2025-05-27,2025,147,2.73,169.94,4.37,0.793,High
Moosarambagh,17.371,78.532,468,1.8,3.8,2025-06-03,2025,154,24.87,169.94,4.6,1.0,High
Moosarambagh,17.371,78.532,468,1.8,3.8,2025-06-10,2025,161,24.89,169.94,4.84,1.0,High
Moosarambagh,17.371,78.532,468,1.8,3.8,2025-06-17,2025,168,24.97,169.94,5.09,1.0,High
Moosarambagh,17.371,78.532,468,1.8,3.8,2025-06-24,2025,175,25.64,169.94,5.34,1.0,High
Moosarambagh,17.371,78.532,468,1.8,3.8,2025-07-01,2025,182,26.67,169.94,5.6,1.0,High
Moosarambagh,17.371,78.532,468,1.8,3.8,2025-07-08,2025,189,26.28,169.94,5.87,1.0,High
Moosarambagh,17.371,78.532,468,1.8,3.8,2025-07-15,2025,196,26.43,169.94,6.14,1.0,High
Moosarambagh,17.371,78.532,468,1.8,3.8,2025-07-22,2025,203,27.16,169.94,6.41,1.0,High
Moosarambagh,17.371,78.532,468,1.8,3.8,2025-07-29,2025,210,28.34,169.94,6.69,1.0,High
Moosarambagh,17.371,78.532,468,1.8,3.8,2025-08-05,2025,217,26.73,169.94,6.98,1.0,High
Moosarambagh,17.371,78.532,468,1.8,3.8,2025-08-12,2025,224,27.59,169.94,7.28,1.0,High
Moosarambagh,17.371,78.532,468,1.8,3.8,2025-08-19,2025,231,28.67,169.94,7.59,1.0,High
Moosarambagh,17.371,78.532,468,1.8,3.8,2025-08-26,2025,238,29.95,169.94,7.91,1.0,High
Moosarambagh,17.371,78.532,468,1.8,3.8,2025-09-02,2025,245,24.02,169.94,8.24,1.0,High
Moosarambagh,17.371,78.532,468,1.8,3.8,2025-09-09,2025,252,23.93,169.94,8.57,1.0,High
Moosarambagh,17.371,78.532,468,1.8,3.8,2025-09-16,2025,259,23.8,169.94,8.92,1.0,High
Moosarambagh,17.371,78.532,468,1.8,3.8,2025-09-23,2025,266,24.47,169.94,9.27,1.0,High
Moosarambagh,17.371,78.532,468,1.8,3.8,2025-09-30,2025,273,25.44,169.94,9.63,1.0,High
Moosarambagh,17.371,78.532,468,1.8,3.8,2025-10-07,2025,280,12.59,169.94,10.0,0.929,High
Moosarambagh,17.371,78.532,468,1.8,3.8,2025-10-14,2025,287,12.72,169.94,10.38,0.931,High
Moosarambagh,17.371,78.532,468,1.8,3.8,2025-10-21,2025,294,13.32,169.94,10.77,0.939,High
Moosarambagh,17.371,78.532,468,1.8,3.8,2025-10-28,2025,301,14.25,169.94,11.17,0.952,High
Moosarambagh,17.371,78.532,468,1.8,3.8,2025-11-04,2025,308,13.92,170.05,11.59,0.947,High
Moosarambagh,17.371,78.532,468,1.8,3.8,2025-11-11,2025,315,14.19,170.05,12.01,0.951,High
Moosarambagh,17.371,78.532,468,1.8,3.8,2025-11-18,2025,322,14.72,170.05,12.45,0.959,High
Moosarambagh,17.371,78.532,468,1.8,3.8,2025-11-25,2025,329,15.42,170.05,12.89,0.968,High
Moosarambagh,17.371,78.532,468,1.8,3.8,2025-12-02,2025,336,7.88,170.05,13.35,0.864,High
Moosarambagh,17.371,78.532,468,1.8,3.8,2025-12-09,2025,343,7.75,170.05,13.82,0.862,High
Moosarambagh,17.371,78.532,468,1.8,3.8,2025-12-16,2025,350,7.64,170.05,14.31,0.861,High
Moosarambagh,17.371,78.532,468,1.8,3.8,2025-12-23,2025,357,7.75,170.05,14.8,0.862,High
Moosarambagh,17.371,78.532,468,1.8,3.8,2025-12-30,2025,364,8.21,170.05,15.31,0.869,High
Moosarambagh,17.371,78.532,468,1.8,3.8,2026-01-06,2026,6,4.54,170.05,15.84,0.818,High
Moosarambagh,17.371,78.532,468,1.8,3.8,2026-01-13,2026,13,4.69,170.05,16.37,0.82,High
Moosarambagh,17.371,78.532,468,1.8,3.8,2026-01-20,2026,20,4.87,170.05,16.92,0.822,High
Moosarambagh,17.371,78.532,468,1.8,3.8,2026-01-27,2026,27,5.02,170.05,17.49,0.824,High
Moosarambagh,17.371,78.532,468,1.8,3.8,2026-02-03,2026,34,3.47,169.94,18.07,0.803,High
Moosarambagh,17.371,78.532,468,1.8,3.8,2026-02-10,2026,41,3.81,169.94,18.67,0.807,High
Moosarambagh,17.371,78.532,468,1.8,3.8,2026-02-17,2026,48,3.79,169.94,19.28,0.807,High
Moosarambagh,17.371,78.532,468,1.8,3.8,2026-02-24,2026,55,3.85,169.94,19.91,0.808,High
Moosarambagh,17.371,78.532,468,1.8,3.8,2026-03-03,2026,62,1.58,169.94,20.56,0.777,High
Moosarambagh,17.371,78.532,468,1.8,3.8,2026-03-10,2026,69,1.66,169.94,21.22,0.778,High
Moosarambagh,17.371,78.532,468,1.8,3.8,2026-03-17,2026,76,1.69,169.94,21.91,0.778,High
Moosarambagh,17.371,78.532,468,1.8,3.8,2026-03-24,2026,83,1.74,169.94,22.61,0.779,High
Moosarambagh,17.371,78.532,468,1.8,3.8,2026-03-31,2026,90,1.79,169.94,23.33,0.779,High
Moosarambagh,17.371,78.532,468,1.8,3.8,2026-04-07,2026,97,1.34,169.94,24.06,0.773,High
Moosarambagh,17.371,78.532,468,1.8,3.8,2026-04-14,2026,104,1.36,169.94,24.82,0.774,High
Moosarambagh,17.371,78.532,468,1.8,3.8,2026-04-21,2026,111,1.4,169.94,25.6,0.774,High
Moosarambagh,17.371,78.532,468,1.8,3.8,2026-04-28,2026,118,1.43,169.94,26.4,0.775,High
Moosarambagh,17.371,78.532,468,1.8,3.8,2026-05-05,2026,125,2.87,169.94,27.22,0.794,High
Moosarambagh,17.371,78.532,468,1.8,3.8,2026-05-12,2026,132,3.06,169.94,28.06,0.797,High
Moosarambagh,17.371,78.532,468,1.8,3.8,2026-05-19,2026,139,3.08,169.94,28.93,0.797,High
Moosarambagh,17.371,78.532,468,1.8,3.8,2026-05-26,2026,146,3.14,169.94,29.81,0.798,High
Moosarambagh,17.371,78.532,468,1.8,3.8,2026-06-02,2026,153,26.5,169.94,30.73,1.0,High
Moosarambagh,17.371,78.532,468,1.8,3.8,2026-06-09,2026,160,27.66,169.94,31.66,1.0,High
Moosarambagh,17.371,78.532,468,1.8,3.8,2026-06-16,2026,167,28.26,169.94,32.62,1.0,High
Moosarambagh,17.371,78.532,468,1.8,3.8,2026-06-23,2026,174,29.0,169.94,33.61,1.0,High
Moosarambagh,17.371,78.532,468,1.8,3.8,2026-06-30,2026,181,29.88,169.94,34.62,1.0,High
Moosarambagh,17.371,78.532,468,1.8,3.8,2026-07-07,2026,188,29.41,169.94,35.66,1.0,High
Moosarambagh,17.371,78.532,468,1.8,3.8,2026-07-14,2026,195,30.0,169.94,36.73,1.0,High
Moosarambagh,17.371,78.532,468,1.8,3.8,2026-07-21,2026,202,30.81,169.94,37.83,1.0,High
Moosarambagh,17.371,78.532,468,1.8,3.8,2026-07-28,2026,209,31.77,169.94,38.96,1.0,High
Moosarambagh,17.371,78.532,468,1.8,3.8,2026-08-04,2026,216,30.8,169.94,40.11,1.0,High
Moosarambagh,17.371,78.532,468,1.8,3.8,2026-08-11,2026,223,31.34,169.94,41.3,1.0,High
Moosarambagh,17.371,78.532,468,1.8,3.8,2026-08-18,2026,230,32.34,169.94,42.52,1.0,High
Moosarambagh,17.371,78.532,468,1.8,3.8,2026-08-25,2026,237,33.38,169.94,43.77,1.0,High
Moosarambagh,17.371,78.532,468,1.8,3.8,2026-09-01,2026,244,26.52,169.94,45.06,1.0,High
Moosarambagh,17.371,78.532,468,1.8,3.8,2026-09-08,2026,251,27.07,169.94,46.38,1.0,High
Moosarambagh,17.371,78.532,468,1.8,3.8,2026-09-15,2026,258,27.75,169.94,47.73,1.0,High
Moosarambagh,17.371,78.532,468,1.8,3.8,2026-09-22,2026,265,28.61,169.94,49.12,1.0,High
Moosarambagh,17.371,78.532,468,1.8,3.8,2026-09-29,2026,272,29.52,169.94,50.55,1.0,High
Moosarambagh,17.371,78.532,468,1.8,3.8,2026-10-06,2026,279,14.38,169.94,52.02,0.954,High
Moosarambagh,17.371,78.532,468,1.8,3.8,2026-10-13,2026,286,14.66,169.94,53.53,0.957,High
Moosarambagh,17.371,78.532,468,1.8,3.8,2026-10-20,2026,293,15.11,169.94,55.07,0.964,High
Moosarambagh,17.371,78.532,468,1.8,3.8,2026-10-27,2026,300,15.63,169.94,56.66,0.971,High
Moosarambagh,17.371,78.532,468,1.8,3.8,2026-11-03,2026,307,15.93,170.05,58.29,0.975,High
Moosarambagh,17.371,78.532,468,1.8,3.8,2026-11-10,2026,314,16.17,170.05,59.97,0.979,High
Moosarambagh,17.371,78.532,468,1.8,3.8,2026-11-17,2026,321,16.66,170.05,61.69,0.985,High
Moosarambagh,17.371,78.532,468,1.8,3.8,2026-11-24,2026,328,17.2,170.05,63.45,0.993,High
Moosarambagh,17.371,78.532,468,1.8,3.8,2026-12-01,2026,335,8.55,170.05,65.27,0.873,High
Moosarambagh,17.371,78.532,468,1.8,3.8,2026-12-08,2026,342,8.7,170.05,67.13,0.875,High
Moosarambagh,17.371,78.532,468,1.8,3.8,2026-12-15,2026,349,8.91,170.05,69.04,0.878,High
Moosarambagh,17.371,78.532,468,1.8,3.8,2026-12-22,2026,356,9.18,170.05,71.0,0.882,High
Moosarambagh,17.371,78.532,468,1.8,3.8,2026-12-29,2026,363,9.5,170.05,73.02,0.886,High
Nagole,17.371,78.567,462,2.2,3.2,2025-01-07,2025,7,3.76,46.89,1.27,0.368,Medium
Nagole,17.371,78.567,462,2.2,3.2,2025-01-14,2025,14,4.05,49.75,1.31,0.381,Medium
Nagole,17.371,78.567,462,2.2,3.2,2025-01-21,2025,21,4.34,52.79,1.37,0.395,Medium
Nagole,17.371,78.567,462,2.2,3.2,2025-01-28,2025,28,4.2,56.44,1.43,0.406,Medium
Nagole,17.371,78.567,462,2.2,3.2,2025-02-04,2025,35,3.77,60.57,1.5,0.413,Medium
Nagole,17.371,78.567,462,2.2,3.2,2025-02-11,2025,42,3.42,65.49,1.57,0.425,Medium
Nagole,17.371,78.567,462,2.2,3.2,2025-02-18,2025,49,3.12,69.87,1.65,0.435,Medium
Nagole,17.371,78.567,462,2.2,3.2,2025-02-25,2025,56,3.15,74.76,1.73,0.452,Medium
Nagole,17.371,78.567,462,2.2,3.2,2025-03-04,2025,63,1.44,80.42,1.82,0.447,Medium
Nagole,17.371,78.567,462,2.2,3.2,2025-03-11,2025,70,1.43,87.25,1.94,0.47,Medium
Nagole,17.371,78.567,462,2.2,3.2,2025-03-18,2025,77,1.45,95.65,2.07,0.498,Medium
Nagole,17.371,78.567,462,2.2,3.2,2025-03-25,2025,84,1.47,104.1,2.22,0.526,Medium
Nagole,17.371,78.567,462,2.2,3.2,2025-04-01,2025,91,1.21,114.52,2.39,0.557,High
Nagole,17.371,78.567,462,2.2,3.2,2025-04-08,2025,98,1.18,122.86,2.54,0.585,High
Nagole,17.371,78.567,462,2.2,3.2,2025-04-15,2025,105,1.17,132.72,2.7,0.617,High
Nagole,17.371,78.567,462,2.2,3.2,2025-04-22,2025,112,1.17,142.23,2.86,0.649,High
Nagole,17.371,78.567,462,2.2,3.2,2025-04-29,2025,119,1.17,154.97,3.06,0.691,High
Nagole,17.371,78.567,462,2.2,3.2,2025-05-06,2025,126,2.86,164.76,3.25,0.747,High
Nagole,17.371,78.567,462,2.2,3.2,2025-05-13,2025,133,2.72,164.76,3.41,0.745,High
Nagole,17.371,78.567,462,2.2,3.2,2025-05-20,2025,140,2.56,164.76,3.57,0.743,High
Nagole,17.371,78.567,462,2.2,3.2,2025-05-27,2025,147,2.6,164.76,3.75,0.743,High
Nagole,17.371,78.567,462,2.2,3.2,2025-06-03,2025,154,24.19,164.76,3.93,1.0,High
Nagole,17.371,78.567,462,2.2,3.2,2025-06-10,2025,161,24.06,164.76,4.11,1.0,High
Nagole,17.371,78.567,462,2.2,3.2,2025-06-17,2025,168,23.96,164.76,4.31,1.0,High
Nagole,17.371,78.567,462,2.2,3.2,2025-06-24,2025,175,24.4,164.76,4.5,1.0,High
Nagole,17.371,78.567,462,2.2,3.2,2025-07-01,2025,182,25.94,164.76,4.7,1.0,High
Nagole,17.371,78.567,462,2.2,3.2,2025-07-08,2025,189,25.41,164.76,4.91,1.0,High
Nagole,17.371,78.567,462,2.2,3.2,2025-07-15,2025,196,25.36,164.76,5.11,1.0,High
Nagole,17.371,78.567,462,2.2,3.2,2025-07-22,2025,203,25.84,164.76,5.33,1.0,High
Nagole,17.371,78.567,462,2.2,3.2,2025-07-29,2025,210,26.71,164.76,5.54,1.0,High
Nagole,17.371,78.567,462,2.2,3.2,2025-08-05,2025,217,25.99,164.76,5.75,1.0,High
Nagole,17.371,78.567,462,2.2,3.2,2025-08-12,2025,224,26.68,164.76,5.98,1.0,High
Nagole,17.371,78.567,462,2.2,3.2,2025-08-19,2025,231,27.53,164.76,6.2,1.0,High
Nagole,17.371,78.567,462,2.2,3.2,2025-08-26,2025,238,28.54,164.76,6.43,1.0,High
Nagole,17.371,78.567,462,2.2,3.2,2025-09-02,2025,245,23.36,164.76,6.67,1.0,High
Nagole,17.371,78.567,462,2.2,3.2,2025-09-09,2025,252,23.13,164.76,6.91,1.0,High
Nagole,17.371,78.567,462,2.2,3.2,2025-09-16,2025,259,22.83,164.76,7.16,1.0,High
Nagole,17.371,78.567,462,2.2,3.2,2025-09-23,2025,266,23.28,164.76,7.4,1.0,High
Nagole,17.371,78.567,462,2.2,3.2,2025-09-30,2025,273,23.98,164.76,7.66,1.0,High
Nagole,17.371,78.567,462,2.2,3.2,2025-10-07,2025,280,12.24,164.76,7.92,0.877,High
Nagole,17.371,78.567,462,2.2,3.2,2025-10-14,2025,287,12.29,164.76,8.18,0.877,High
Nagole,17.371,78.567,462,2.2,3.2,2025-10-21,2025,294,12.79,164.76,8.45,0.884,High
Nagole,17.371,78.567,462,2.2,3.2,2025-10-28,2025,301,13.58,164.76,8.73,0.895,High
Nagole,17.371,78.567,462,2.2,3.2,2025-11-04,2025,308,13.53,164.86,9.01,0.895,High
Nagole,17.371,78.567,462,2.2,3.2,2025-11-11,2025,315,13.72,164.86,9.29,0.897,High
Nagole,17.371,78.567,462,2.2,3.2,2025-11-18,2025,322,14.14,164.86,9.58,0.903,High
Nagole,17.371,78.567,462,2.2,3.2,2025-11-25,2025,329,14.69,164.86,9.88,0.911,High
Nagole,17.371,78.567,462,2.2,3.2,2025-12-02,2025,336,7.67,164.86,10.18,0.814,High
Nagole,17.371,78.567,462,2.2,3.2,2025-12-09,2025,343,7.49,164.86,10.49,0.811,High
Nagole,17.371,78.567,462,2.2,3.2,2025-12-16,2025,350,7.33,164.86,10.8,0.809,High
Nagole,17.371,78.567,462,2.2,3.2,2025-12-23,2025,357,7.37,164.86,11.12,0.81,High
Nagole,17.371,78.567,462,2.2,3.2,2025-12-30,2025,364,7.74,164.86,11.45,0.815,High
Nagole,17.371,78.567,462,2.2,3.2,2026-01-06,2026,6,4.28,164.86,11.78,0.767,High
Nagole,17.371,78.567,462,2.2,3.2,2026-01-13,2026,13,4.37,164.86,12.12,0.768,High
Nagole,17.371,78.567,462,2.2,3.2,2026-01-20,2026,20,4.5,164.86,12.47,0.77,High
Nagole,17.371,78.567,462,2.2,3.2,2026-01-27,2026,27,4.6,164.86,12.82,0.771,High
Nagole,17.371,78.567,462,2.2,3.2,2026-02-03,2026,34,3.26,164.76,13.18,0.753,High
Nagole,17.371,78.567,462,2.2,3.2,2026-02-10,2026,41,3.54,164.76,13.55,0.756,High
Nagole,17.371,78.567,462,2.2,3.2,2026-02-17,2026,48,3.5,164.76,13.92,0.756,High
Nagole,17.371,78.567,462,2.2,3.2,2026-02-24,2026,55,3.51,164.76,14.3,0.756,High
Nagole,17.371,78.567,462,2.2,3.2,2026-03-03,2026,62,1.49,164.76,14.69,0.728,High
Nagole,17.371,78.567,462,2.2,3.2,2026-03-10,2026,69,1.54,164.76,15.08,0.729,High
Nagole,17.371,78.567,462,2.2,3.2,2026-03-17,2026,76,1.56,164.76,15.48,0.729,High
Nagole,17.371,78.567,462,2.2,3.2,2026-03-24,2026,83,1.59,164.76,15.89,0.73,High
Nagole,17.371,78.567,462,2.2,3.2,2026-03-31,2026,90,1.62,164.76,16.31,0.73,High
Nagole,17.371,78.567,462,2.2,3.2,2026-04-07,2026,97,1.25,164.76,16.74,0.725,High
Nagole,17.371,78.567,462,2.2,3.2,2026-04-14,2026,104,1.26,164.76,17.17,0.725,High
Nagole,17.371,78.567,462,2.2,3.2,2026-04-21,2026,111,1.28,164.76,17.62,0.725,High
Nagole,17.371,78.567,462,2.2,3.2,2026-04-28,2026,118,1.3,164.76,18.07,0.725,High
Nagole,17.371,78.567,462,2.2,3.2,2026-05-05,2026,125,2.7,164.76,18.53,0.745,High
Nagole,17.371,78.567,462,2.2,3.2,2026-05-12,2026,132,2.85,164.76,19.0,0.747,High
Nagole,17.371,78.567,462,2.2,3.2,2026-05-19,2026,139,2.85,164.76,19.48,0.747,High
Nagole,17.371,78.567,462,2.2,3.2,2026-05-26,2026,146,2.87,164.76,19.97,0.747,High
Nagole,17.371,78.567,462,2.2,3.2,2026-06-02,2026,153,24.97,164.76,20.46,1.0,High
Nagole,17.371,78.567,462,2.2,3.2,2026-06-09,2026,160,25.77,164.76,20.97,1.0,High
Nagole,17.371,78.567,462,2.2,3.2,2026-06-16,2026,167,26.11,164.76,21.49,1.0,High
Nagole,17.371,78.567,462,2.2,3.2,2026-06-23,2026,174,26.55,164.76,22.01,1.0,High
Nagole,17.371,78.567,462,2.2,3.2,2026-06-30,2026,181,27.09,164.76,22.55,1.0,High
Nagole,17.371,78.567,462,2.2,3.2,2026-07-07,2026,188,27.4,164.76,23.1,1.0,High
Nagole,17.371,78.567,462,2.2,3.2,2026-07-14,2026,195,27.71,164.76,23.65,1.0,High
Nagole,17.371,78.567,462,2.2,3.2,2026-07-21,2026,202,28.2,164.76,24.22,1.0,High
Nagole,17.371,78.567,462,2.2,3.2,2026-07-28,2026,209,28.81,164.76,24.8,1.0,High
Nagole,17.371,78.567,462,2.2,3.2,2026-08-04,2026,216,29.06,164.76,25.39,1.0,High
Nagole,17.371,78.567,462,2.2,3.2,2026-08-11,2026,223,29.21,164.76,25.99,1.0,High
Nagole,17.371,78.567,462,2.2,3.2,2026-08-18,2026,230,29.9,164.76,26.61,1.0,High
Nagole,17.371,78.567,462,2.2,3.2,2026-08-25,2026,237,30.58,164.76,27.23,1.0,High
Nagole,17.371,78.567,462,2.2,3.2,2026-09-01,2026,244,24.71,164.76,27.87,1.0,High
Nagole,17.371,78.567,462,2.2,3.2,2026-09-08,2026,251,25.0,164.76,28.52,1.0,High
Nagole,17.371,78.567,462,2.2,3.2,2026-09-15,2026,258,25.4,164.76,29.18,1.0,High
Nagole,17.371,78.567,462,2.2,3.2,2026-09-22,2026,265,25.94,164.76,29.86,1.0,High
Nagole,17.371,78.567,462,2.2,3.2,2026-09-29,2026,272,26.51,164.76,30.55,1.0,High
Nagole,17.371,78.567,462,2.2,3.2,2026-10-06,2026,279,13.57,164.76,31.25,0.895,High
Nagole,17.371,78.567,462,2.2,3.2,2026-10-13,2026,286,13.67,164.76,31.96,0.896,High
Nagole,17.371,78.567,462,2.2,3.2,2026-10-20,2026,293,13.97,164.76,32.69,0.901,High
Nagole,17.371,78.567,462,2.2,3.2,2026-10-27,2026,300,14.33,164.76,33.43,0.906,High
Nagole,17.371,78.567,462,2.2,3.2,2026-11-03,2026,307,15.03,164.86,34.19,0.916,High
Nagole,17.371,78.567,462,2.2,3.2,2026-11-10,2026,314,15.07,164.86,34.96,0.916,High
Nagole,17.371,78.567,462,2.2,3.2,2026-11-17,2026,321,15.4,164.86,35.75,0.921,High
Nagole,17.371,78.567,462,2.2,3.2,2026-11-24,2026,328,15.76,164.86,36.55,0.926,High
Nagole,17.371,78.567,462,2.2,3.2,2026-12-01,2026,335,7.97,164.86,37.37,0.818,High
Nagole,17.371,78.567,462,2.2,3.2,2026-12-08,2026,342,8.04,164.86,38.2,0.819,High
Nagole,17.371,78.567,462,2.2,3.2,2026-12-15,2026,349,8.15,164.86,39.05,0.821,High
Nagole,17.371,78.567,462,2.2,3.2,2026-12-22,2026,356,8.32,164.86,39.92,0.823,High
Nagole,17.371,78.567,462,2.2,3.2,2026-12-29,2026,363,8.53,164.86,40.8,0.826,High
Peerzadiguda,17.398,78.61,455,2.5,2.9,2025-01-07,2025,7,3.71,46.27,1.24,0.35,Medium
Peerzadiguda,17.398,78.61,455,2.5,2.9,2025-01-14,2025,14,3.98,48.91,1.28,0.363,Medium
Peerzadiguda,17.398,78.61,455,2.5,2.9,2025-01-21,2025,21,4.25,51.83,1.33,0.376,Medium
Peerzadiguda,17.398,78.61,455,2.5,2.9,2025-01-28,2025,28,4.09,54.61,1.38,0.383,Medium
Peerzadiguda,17.398,78.61,455,2.5,2.9,2025-02-04,2025,35,3.71,59.23,1.45,0.393,Medium
Peerzadiguda,17.398,78.61,455,2.5,2.9,2025-02-11,2025,42,3.36,63.21,1.52,0.402,Medium
Peerzadiguda,17.398,78.61,455,2.5,2.9,2025-02-18,2025,49,3.05,66.76,1.58,0.409,Medium
Peerzadiguda,17.398,78.61,455,2.5,2.9,2025-02-25,2025,56,3.06,71.19,1.65,0.424,Medium
Peerzadiguda,17.398,78.61,455,2.5,2.9,2025-03-04,2025,63,1.42,76.57,1.74,0.419,Medium
Peerzadiguda,17.398,78.61,455,2.5,2.9,2025-03-11,2025,70,1.41,82.03,1.83,0.437,Medium
Peerzadiguda,17.398,78.61,455,2.5,2.9,2025-03-18,2025,77,1.42,89.6,1.95,0.462,Medium
Peerzadiguda,17.398,78.61,455,2.5,2.9,2025-03-25,2025,84,1.43,97.42,2.08,0.488,Medium
Peerzadiguda,17.398,78.61,455,2.5,2.9,2025-04-01,2025,91,1.19,106.35,2.24,0.515,Medium
Peerzadiguda,17.398,78.61,455,2.5,2.9,2025-04-08,2025,98,1.16,114.03,2.36,0.54,Medium
Peerzadiguda,17.398,78.61,455,2.5,2.9,2025-04-15,2025,105,1.15,122.53,2.5,0.568,High
Peerzadiguda,17.398,78.61,455,2.5,2.9,2025-04-22,2025,112,1.14,131.12,2.65,0.596,High
Peerzadiguda,17.398,78.61,455,2.5,2.9,2025-04-29,2025,119,1.13,140.35,2.8,0.627,High
Peerzadiguda,17.398,78.61,455,2.5,2.9,2025-05-06,2025,126,2.81,152.39,2.98,0.69,High
Peerzadiguda,17.398,78.61,455,2.5,2.9,2025-05-13,2025,133,2.67,162.57,3.16,0.722,High
Peerzadiguda,17.398,78.61,455,2.5,2.9,2025-05-20,2025,140,2.51,162.57,3.31,0.72,High
Peerzadiguda,17.398,78.61,455,2.5,2.9,2025-05-27,2025,147,2.53,162.57,3.46,0.72,High
Peerzadiguda,17.398,78.61,455,2.5,2.9,2025-06-03,2025,154,23.84,162.57,3.62,1.0,High
Peerzadiguda,17.398,78.61,455,2.5,2.9,2025-06-10,2025,161,23.65,162.57,3.79,1.0,High
Peerzadiguda,17.398,78.61,455,2.5,2.9,2025-06-17,2025,168,23.47,162.57,3.95,1.0,High
Peerzadiguda,17.398,78.61,455,2.5,2.9,2025-06-24,2025,175,23.79,162.57,4.13,1.0,High
Peerzadiguda,17.398,78.61,455,2.5,2.9,2025-07-01,2025,182,25.57,162.57,4.3,1.0,High
Peerzadiguda,17.398,78.61,455,2.5,2.9,2025-07-08,2025,189,24.97,162.57,4.48,1.0,High
Peerzadiguda,17.398,78.61,455,2.5,2.9,2025-07-15,2025,196,24.84,162.57,4.66,1.0,High
Peerzadiguda,17.398,78.61,455,2.5,2.9,2025-07-22,2025,203,25.2,162.57,4.85,1.0,High
Peerzadiguda,17.398,78.61,455,2.5,2.9,2025-07-29,2025,210,25.92,162.57,5.03,1.0,High
Peerzadiguda,17.398,78.61,455,2.5,2.9,2025-08-05,2025,217,25.62,162.57,5.22,1.0,High
Peerzadiguda,17.398,78.61,455,2.5,2.9,2025-08-12,2025,224,26.23,162.57,5.41,1.0,High
Peerzadiguda,17.398,78.61,455,2.5,2.9,2025-08-19,2025,231,26.97,162.57,5.6,1.0,High
Peerzadiguda,17.398,78.61,455,2.5,2.9,2025-08-26,2025,238,27.84,162.57,5.8,1.0,High
Peerzadiguda,17.398,78.61,455,2.5,2.9,2025-09-02,2025,245,23.03,162.57,6.0,1.0,High
Peerzadiguda,17.398,78.61,455,2.5,2.9,2025-09-09,2025,252,22.73,162.57,6.21,1.0,High
Peerzadiguda,17.398,78.61,455,2.5,2.9,2025-09-16,2025,259,22.36,162.57,6.41,0.994,High
Peerzadiguda,17.398,78.61,455,2.5,2.9,2025-09-23,2025,266,22.7,162.57,6.62,0.999,High
Peerzadiguda,17.398,78.61,455,2.5,2.9,2025-09-30,2025,273,23.27,162.57,6.84,1.0,High
Peerzadiguda,17.398,78.61,455,2.5,2.9,2025-10-07,2025,280,12.07,162.57,7.05,0.852,High
Peerzadiguda,17.398,78.61,455,2.5,2.9,2025-10-14,2025,287,12.08,162.57,7.27,0.852,High
Peerzadiguda,17.398,78.61,455,2.5,2.9,2025-10-21,2025,294,12.52,162.57,7.5,0.858,High
Peerzadiguda,17.398,78.61,455,2.5,2.9,2025-10-28,2025,301,13.25,162.57,7.72,0.868,High
Peerzadiguda,17.398,78.61,455,2.5,2.9,2025-11-04,2025,308,13.34,162.68,7.96,0.87,High
Peerzadiguda,17.398,78.61,455,2.5,2.9,2025-11-11,2025,315,13.48,162.68,8.19,0.872,High
Peerzadiguda,17.398,78.61,455,2.5,2.9,2025-11-18,2025,322,13.85,162.68,8.43,0.877,High
Peerzadiguda,17.398,78.61,455,2.5,2.9,2025-11-25,2025,329,14.33,162.68,8.67,0.884,High
Peerzadiguda,17.398,78.61,455,2.5,2.9,2025-12-02,2025,336,7.56,162.68,8.91,0.79,High
Peerzadiguda,17.398,78.61,455,2.5,2.9,2025-12-09,2025,343,7.36,162.68,9.16,0.787,High
Peerzadiguda,17.398,78.61,455,2.5,2.9,2025-12-16,2025,350,7.18,162.68,9.42,0.785,High
Peerzadiguda,17.398,78.61,455,2.5,2.9,2025-12-23,2025,357,7.19,162.68,9.67,0.785,High
Peerzadiguda,17.398,78.61,455,2.5,2.9,2025-12-30,2025,364,7.51,162.68,9.93,0.789,High
Peerzadiguda,17.398,78.61,455,2.5,2.9,2026-01-06,2026,6,4.16,162.68,10.2,0.743,High
Peerzadiguda,17.398,78.61,455,2.5,2.9,2026-01-13,2026,13,4.22,162.68,10.47,0.744,High
Peerzadiguda,17.398,78.61,455,2.5,2.9,2026-01-20,2026,20,4.33,162.68,10.74,0.745,High
Peerzadiguda,17.398,78.61,455,2.5,2.9,2026-01-27,2026,27,4.4,162.68,11.02,0.746,High
Peerzadiguda,17.398,78.61,455,2.5,2.9,2026-02-03,2026,34,3.16,162.57,11.3,0.729,High
Peerzadiguda,17.398,78.61,455,2.5,2.9,2026-02-10,2026,41,3.42,162.57,11.58,0.732,High
Peerzadiguda,17.398,78.61,455,2.5,2.9,2026-02-17,2026,48,3.36,162.57,11.88,0.732,High
Peerzadiguda,17.398,78.61,455,2.5,2.9,2026-02-24,2026,55,3.35,162.57,12.17,0.732,High
Peerzadiguda,17.398,78.61,455,2.5,2.9,2026-03-03,2026,62,1.45,162.57,12.47,0.705,High
Peerzadiguda,17.398,78.61,455,2.5,2.9,2026-03-10,2026,69,1.49,162.57,12.77,0.706,High
Peerzadiguda,17.398,78.61,455,2.5,2.9,2026-03-17,2026,76,1.5,162.57,13.08,0.706,High
Peerzadiguda,17.398,78.61,455,2.5,2.9,2026-03-24,2026,83,1.52,162.57,13.4,0.706,High
Peerzadiguda,17.398,78.61,455,2.5,2.9,2026-03-31,2026,90,1.55,162.57,13.71,0.707,High
Peerzadiguda,17.398,78.61,455,2.5,2.9,2026-04-07,2026,97,1.21,162.57,14.04,0.702,High
Peerzadiguda,17.398,78.61,455,2.5,2.9,2026-04-14,2026,104,1.21,162.57,14.37,0.702,High
Peerzadiguda,17.398,78.61,455,2.5,2.9,2026-04-21,2026,111,1.22,162.57,14.7,0.702,High
Peerzadiguda,17.398,78.61,455,2.5,2.9,2026-04-28,2026,118,1.23,162.57,15.04,0.702,High
Peerzadiguda,17.398,78.61,455,2.5,2.9,2026-05-05,2026,125,2.62,162.57,15.38,0.721,High
Peerzadiguda,17.398,78.61,455,2.5,2.9,2026-05-12,2026,132,2.75,162.57,15.73,0.723,High
Peerzadiguda,17.398,78.61,455,2.5,2.9,2026-05-19,2026,139,2.73,162.57,16.09,0.723,High
Peerzadiguda,17.398,78.61,455,2.5,2.9,2026-05-26,2026,146,2.75,162.57,16.45,0.723,High
Peerzadiguda,17.398,78.61,455,2.5,2.9,2026-06-02,2026,153,24.23,162.57,16.81,1.0,High
Peerzadiguda,17.398,78.61,455,2.5,2.9,2026-06-09,2026,160,24.87,162.57,17.19,1.0,High
Peerzadiguda,17.398,78.61,455,2.5,2.9,2026-06-16,2026,167,25.08,162.57,17.56,1.0,High
Peerzadiguda,17.398,78.61,455,2.5,2.9,2026-06-23,2026,174,25.38,162.57,17.95,1.0,High
Peerzadiguda,17.398,78.61,455,2.5,2.9,2026-06-30,2026,181,25.78,162.57,18.33,1.0,High
Peerzadiguda,17.398,78.61,455,2.5,2.9,2026-07-07,2026,188,26.44,162.57,18.73,1.0,High
Peerzadiguda,17.398,78.61,455,2.5,2.9,2026-07-14,2026,195,26.62,162.57,19.13,1.0,High
Peerzadiguda,17.398,78.61,455,2.5,2.9,2026-07-21,2026,202,26.96,162.57,19.54,1.0,High
Peerzadiguda,17.398,78.61,455,2.5,2.9,2026-07-28,2026,209,27.41,162.57,19.95,1.0,High
Peerzadiguda,17.398,78.61,455,2.5,2.9,2026-08-04,2026,216,28.22,162.57,20.37,1.0,High
Peerzadiguda,17.398,78.61,455,2.5,2.9,2026-08-11,2026,223,28.19,162.57,20.8,1.0,High
Peerzadiguda,17.398,78.61,455,2.5,2.9,2026-08-18,2026,230,28.73,162.57,21.23,1.0,High
Peerzadiguda,17.398,78.61,455,2.5,2.9,2026-08-25,2026,237,29.25,162.57,21.67,1.0,High
Peerzadiguda,17.398,78.61,455,2.5,2.9,2026-09-01,2026,244,23.84,162.57,22.12,1.0,High
Peerzadiguda,17.398,78.61,455,2.5,2.9,2026-09-08,2026,251,24.01,162.57,22.57,1.0,High
Peerzadiguda,17.398,78.61,455,2.5,2.9,2026-09-15,2026,258,24.28,162.57,23.04,1.0,High
Peerzadiguda,17.398,78.61,455,2.5,2.9,2026-09-22,2026,265,24.68,162.57,23.5,1.0,High
Peerzadiguda,17.398,78.61,455,2.5,2.9,2026-09-29,2026,272,25.1,162.57,23.98,1.0,High
Peerzadiguda,17.398,78.61,455,2.5,2.9,2026-10-06,2026,279,13.17,162.57,24.46,0.867,High
Peerzadiguda,17.398,78.61,455,2.5,2.9,2026-10-13,2026,286,13.19,162.57,24.95,0.868,High
Peerzadiguda,17.398,78.61,455,2.5,2.9,2026-10-20,2026,293,13.42,162.57,25.45,0.871,High
Peerzadiguda,17.398,78.61,455,2.5,2.9,2026-10-27,2026,300,13.7,162.57,25.96,0.875,High
Peerzadiguda,17.398,78.61,455,2.5,2.9,2026-11-03,2026,307,14.59,162.68,26.47,0.887,High
Peerzadiguda,17.398,78.61,455,2.5,2.9,2026-11-10,2026,314,14.55,162.68,26.99,0.887,High
Peerzadiguda,17.398,78.61,455,2.5,2.9,2026-11-17,2026,321,14.8,162.68,27.52,0.89,High
Peerzadiguda,17.398,78.61,455,2.5,2.9,2026-11-24,2026,328,15.07,162.68,28.06,0.894,High
Peerzadiguda,17.398,78.61,455,2.5,2.9,2026-12-01,2026,335,7.69,162.68,28.6,0.792,High
Peerzadiguda,17.398,78.61,455,2.5,2.9,2026-12-08,2026,342,7.72,162.68,29.16,0.792,High
Peerzadiguda,17.398,78.61,455,2.5,2.9,2026-12-15,2026,349,7.79,162.68,29.72,0.793,High
Peerzadiguda,17.398,78.61,455,2.5,2.9,2026-12-22,2026,356,7.92,162.68,30.29,0.795,High
Peerzadiguda,17.398,78.61,455,2.5,2.9,2026-12-29,2026,363,8.07,162.68,30.88,0.797,High
Uppal,17.405,78.559,485,2.9,3.1,2025-01-07,2025,7,3.75,47.2,1.26,0.364,Medium
Uppal,17.405,78.559,485,2.9,3.1,2025-01-14,2025,14,4.02,50.02,1.31,0.377,Medium
Uppal,17.405,78.559,485,2.9,3.1,2025-01-21,2025,21,4.31,53.08,1.36,0.391,Medium
Uppal,17.405,78.559,485,2.9,3.1,2025-01-28,2025,28,4.16,56.8,1.42,0.401,Medium
Uppal,17.405,78.559,485,2.9,3.1,2025-02-04,2025,35,3.75,60.82,1.49,0.409,Medium
Uppal,17.405,78.559,485,2.9,3.1,2025-02-11,2025,42,3.4,65.44,1.56,0.42,Medium
Uppal,17.405,78.559,485,2.9,3.1,2025-02-18,2025,49,3.1,69.77,1.63,0.43,Medium
Uppal,17.405,78.559,485,2.9,3.1,2025-02-25,2025,56,3.12,74.78,1.71,0.447,Medium
Uppal,17.405,78.559,485,2.9,3.1,2025-03-04,2025,63,1.43,79.67,1.8,0.44,Medium
Uppal,17.405,78.559,485,2.9,3.1,2025-03-11,2025,70,1.42,86.43,1.91,0.462,Medium
Uppal,17.405,78.559,485,2.9,3.1,2025-03-18,2025,77,1.44,93.76,2.03,0.486,Medium
Uppal,17.405,78.559,485,2.9,3.1,2025-03-25,2025,84,1.45,103.14,2.19,0.518,Medium
Uppal,17.405,78.559,485,2.9,3.1,2025-04-01,2025,91,1.2,113.36,2.35,0.548,Medium
Uppal,17.405,78.559,485,2.9,3.1,2025-04-08,2025,98,1.17,121.9,2.49,0.576,High
Uppal,17.405,78.559,485,2.9,3.1,2025-04-15,2025,105,1.17,131.11,2.65,0.607,High
Uppal,17.405,78.559,485,2.9,3.1,2025-04-22,2025,112,1.16,142.46,2.82,0.644,High
Uppal,17.405,78.559,485,2.9,3.1,2025-04-29,2025,119,1.15,154.34,3.0,0.684,High
Uppal,17.405,78.559,485,2.9,3.1,2025-05-06,2025,126,2.84,165.86,3.2,0.745,High
Uppal,17.405,78.559,485,2.9,3.1,2025-05-13,2025,133,2.7,165.86,3.35,0.744,High
Uppal,17.405,78.559,485,2.9,3.1,2025-05-20,2025,140,2.54,165.86,3.51,0.741,High
Uppal,17.405,78.559,485,2.9,3.1,2025-05-27,2025,147,2.58,165.86,3.68,0.742,High
Uppal,17.405,78.559,485,2.9,3.1,2025-06-03,2025,154,24.07,165.86,3.85,1.0,High
Uppal,17.405,78.559,485,2.9,3.1,2025-06-10,2025,161,23.92,165.86,4.04,1.0,High
Uppal,17.405,78.559,485,2.9,3.1,2025-06-17,2025,168,23.8,165.86,4.22,1.0,High
Uppal,17.405,78.559,485,2.9,3.1,2025-06-24,2025,175,24.19,165.86,4.41,1.0,High
Uppal,17.405,78.559,485,2.9,3.1,2025-07-01,2025,182,25.82,165.86,4.61,1.0,High
Uppal,17.405,78.559,485,2.9,3.1,2025-07-08,2025,189,25.26,165.86,4.8,1.0,High
Uppal,17.405,78.559,485,2.9,3.1,2025-07-15,2025,196,25.19,165.86,5.0,1.0,High
Uppal,17.405,78.559,485,2.9,3.1,2025-07-22,2025,203,25.63,165.86,5.21,1.0,High
Uppal,17.405,78.559,485,2.9,3.1,2025-07-29,2025,210,26.45,165.86,5.41,1.0,High
Uppal,17.405,78.559,485,2.9,3.1,2025-08-05,2025,217,25.87,165.86,5.62,1.0,High
Uppal,17.405,78.559,485,2.9,3.1,2025-08-12,2025,224,26.53,165.86,5.83,1.0,High
Uppal,17.405,78.559,485,2.9,3.1,2025-08-19,2025,231,27.35,165.86,6.05,1.0,High
Uppal,17.405,78.559,485,2.9,3.1,2025-08-26,2025,238,28.3,165.86,6.27,1.0,High
Uppal,17.405,78.559,485,2.9,3.1,2025-09-02,2025,245,23.25,165.86,6.5,1.0,High
Uppal,17.405,78.559,485,2.9,3.1,2025-09-09,2025,252,22.99,165.86,6.73,1.0,High
Uppal,17.405,78.559,485,2.9,3.1,2025-09-16,2025,259,22.68,165.86,6.96,1.0,High
Uppal,17.405,78.559,485,2.9,3.1,2025-09-23,2025,266,23.09,165.86,7.2,1.0,High
Uppal,17.405,78.559,485,2.9,3.1,2025-09-30,2025,273,23.74,165.86,7.44,1.0,High
Uppal,17.405,78.559,485,2.9,3.1,2025-10-07,2025,280,12.18,165.86,7.69,0.875,High
Uppal,17.405,78.559,485,2.9,3.1,2025-10-14,2025,287,12.22,165.86,7.94,0.875,High
Uppal,17.405,78.559,485,2.9,3.1,2025-10-21,2025,294,12.7,165.86,8.2,0.882,High
Uppal,17.405,78.559,485,2.9,3.1,2025-10-28,2025,301,13.47,165.86,8.46,0.892,High
Uppal,17.405,78.559,485,2.9,3.1,2025-11-04,2025,308,13.47,165.97,8.72,0.893,High
Uppal,17.405,78.559,485,2.9,3.1,2025-11-11,2025,315,13.64,165.97,8.99,0.895,High
Uppal,17.405,78.559,485,2.9,3.1,2025-11-18,2025,322,14.04,165.97,9.27,0.901,High
Uppal,17.405,78.559,485,2.9,3.1,2025-11-25,2025,329,14.57,165.97,9.55,0.908,High
Uppal,17.405,78.559,485,2.9,3.1,2025-12-02,2025,336,7.63,165.97,9.83,0.812,High
Uppal,17.405,78.559,485,2.9,3.1,2025-12-09,2025,343,7.45,165.97,10.12,0.81,High
Uppal,17.405,78.559,485,2.9,3.1,2025-12-16,2025,350,7.28,165.97,10.42,0.807,High
Uppal,17.405,78.559,485,2.9,3.1,2025-12-23,2025,357,7.31,165.97,10.72,0.808,High
Uppal,17.405,78.559,485,2.9,3.1,2025-12-30,2025,364,7.66,165.97,11.02,0.812,High
Uppal,17.405,78.559,485,2.9,3.1,2026-01-06,2026,6,4.24,165.97,11.34,0.765,High
Uppal,17.405,78.559,485,2.9,3.1,2026-01-13,2026,13,4.32,165.97,11.65,0.766,High
Uppal,17.405,78.559,485,2.9,3.1,2026-01-20,2026,20,4.44,165.97,11.98,0.768,High
Uppal,17.405,78.559,485,2.9,3.1,2026-01-27,2026,27,4.53,165.97,12.3,0.769,High
Uppal,17.405,78.559,485,2.9,3.1,2026-02-03,2026,34,3.23,165.86,12.64,0.751,High
Uppal,17.405,78.559,485,2.9,3.1,2026-02-10,2026,41,3.5,165.86,12.98,0.755,High
Uppal,17.405,78.559,485,2.9,3.1,2026-02-17,2026,48,3.45,165.86,13.33,0.754,High
Uppal,17.405,78.559,485,2.9,3.1,2026-02-24,2026,55,3.46,165.86,13.68,0.754,High
Uppal,17.405,78.559,485,2.9,3.1,2026-03-03,2026,62,1.48,165.86,14.04,0.727,High
Uppal,17.405,78.559,485,2.9,3.1,2026-03-10,2026,69,1.52,165.86,14.4,0.727,High
Uppal,17.405,78.559,485,2.9,3.1,2026-03-17,2026,76,1.54,165.86,14.78,0.727,High
Uppal,17.405,78.559,485,2.9,3.1,2026-03-24,2026,83,1.57,165.86,15.16,0.728,High
Uppal,17.405,78.559,485,2.9,3.1,2026-03-31,2026,90,1.6,165.86,15.54,0.728,High
Uppal,17.405,78.559,485,2.9,3.1,2026-04-07,2026,97,1.24,165.86,15.94,0.723,High
Uppal,17.405,78.559,485,2.9,3.1,2026-04-14,2026,104,1.24,165.86,16.34,0.723,High
Uppal,17.405,78.559,485,2.9,3.1,2026-04-21,2026,111,1.26,165.86,16.74,0.724,High
Uppal,17.405,78.559,485,2.9,3.1,2026-04-28,2026,118,1.28,165.86,17.16,0.724,High
Uppal,17.405,78.559,485,2.9,3.1,2026-05-05,2026,125,2.68,165.86,17.58,0.743,High
Uppal,17.405,78.559,485,2.9,3.1,2026-05-12,2026,132,2.81,165.86,18.01,0.745,High
Uppal,17.405,78.559,485,2.9,3.1,2026-05-19,2026,139,2.81,165.86,18.45,0.745,High
Uppal,17.405,78.559,485,2.9,3.1,2026-05-26,2026,146,2.83,165.86,18.89,0.745,High
Uppal,17.405,78.559,485,2.9,3.1,2026-06-02,2026,153,24.72,165.86,19.35,1.0,High
Uppal,17.405,78.559,485,2.9,3.1,2026-06-09,2026,160,25.47,165.86,19.81,1.0,High
Uppal,17.405,78.559,485,2.9,3.1,2026-06-16,2026,167,25.76,165.86,20.28,1.0,High
Uppal,17.405,78.559,485,2.9,3.1,2026-06-23,2026,174,26.15,165.86,20.76,1.0,High
Uppal,17.405,78.559,485,2.9,3.1,2026-06-30,2026,181,26.65,165.86,21.24,1.0,High
Uppal,17.405,78.559,485,2.9,3.1,2026-07-07,2026,188,27.08,165.86,21.74,1.0,High
Uppal,17.405,78.559,485,2.9,3.1,2026-07-14,2026,195,27.35,165.86,22.24,1.0,High
Uppal,17.405,78.559,485,2.9,3.1,2026-07-21,2026,202,27.79,165.86,22.76,1.0,High
Uppal,17.405,78.559,485,2.9,3.1,2026-07-28,2026,209,28.33,165.86,23.28,1.0,High
Uppal,17.405,78.559,485,2.9,3.1,2026-08-04,2026,216,28.78,165.86,23.82,1.0,High
Uppal,17.405,78.559,485,2.9,3.1,2026-08-11,2026,223,28.87,165.86,24.36,1.0,High
Uppal,17.405,78.559,485,2.9,3.1,2026-08-18,2026,230,29.5,165.86,24.91,1.0,High
Uppal,17.405,78.559,485,2.9,3.1,2026-08-25,2026,237,30.13,165.86,25.47,1.0,High
Uppal,17.405,78.559,485,2.9,3.1,2026-09-01,2026,244,24.42,165.86,26.04,1.0,High
Uppal,17.405,78.559,485,2.9,3.1,2026-09-08,2026,251,24.67,165.86,26.63,1.0,High
Uppal,17.405,78.559,485,2.9,3.1,2026-09-15,2026,258,25.02,165.86,27.22,1.0,High
Uppal,17.405,78.559,485,2.9,3.1,2026-09-22,2026,265,25.52,165.86,27.82,1.0,High
Uppal,17.405,78.559,485,2.9,3.1,2026-09-29,2026,272,26.03,165.86,28.44,1.0,High
Uppal,17.405,78.559,485,2.9,3.1,2026-10-06,2026,279,13.44,165.86,29.07,0.892,High
Uppal,17.405,78.559,485,2.9,3.1,2026-10-13,2026,286,13.51,165.86,29.7,0.893,High
Uppal,17.405,78.559,485,2.9,3.1,2026-10-20,2026,293,13.79,165.86,30.35,0.897,High
Uppal,17.405,78.559,485,2.9,3.1,2026-10-27,2026,300,14.12,165.86,31.01,0.901,High
Uppal,17.405,78.559,485,2.9,3.1,2026-11-03,2026,307,14.88,165.97,31.68,0.912,High
Uppal,17.405,78.559,485,2.9,3.1,2026-11-10,2026,314,14.9,165.97,32.37,0.912,High
Uppal,17.405,78.559,485,2.9,3.1,2026-11-17,2026,321,15.2,165.97,33.07,0.917,High
Uppal,17.405,78.559,485,2.9,3.1,2026-11-24,2026,328,15.53,165.97,33.78,0.921,High
Uppal,17.405,78.559,485,2.9,3.1,2026-12-01,2026,335,7.88,165.97,34.5,0.815,High
Uppal,17.405,78.559,485,2.9,3.1,2026-12-08,2026,342,7.93,165.97,35.23,0.816,High
Uppal,17.405,78.559,485,2.9,3.1,2026-12-15,2026,349,8.03,165.97,35.98,0.818,High
Uppal,17.405,78.559,485,2.9,3.1,2026-12-22,2026,356,8.19,165.97,36.74,0.82,High
Uppal,17.405,78.559,485,2.9,3.1,2026-12-29,2026,363,8.37,165.97,37.52,0.822,High
Vikarabad Upstream,17.338,77.904,620,8.2,1.8,2025-01-07,2025,7,2.68,46.85,1.14,0.283,Low
Vikarabad Upstream,17.338,77.904,620,8.2,1.8,2025-01-14,2025,14,2.71,48.1,1.16,0.287,Low
Vikarabad Upstream,17.338,77.904,620,8.2,1.8,2025-01-21,2025,21,2.72,50.4,1.19,0.295,Low
Vikarabad Upstream,17.338,77.904,620,8.2,1.8,2025-01-28,2025,28,2.47,52.77,1.23,0.3,Low
Vikarabad Upstream,17.338,77.904,620,8.2,1.8,2025-02-04,2025,35,3.06,55.69,1.28,0.317,Low
Vikarabad Upstream,17.338,77.904,620,8.2,1.8,2025-02-11,2025,42,2.71,59.09,1.32,0.324,Low
Vikarabad Upstream,17.338,77.904,620,8.2,1.8,2025-02-18,2025,49,2.41,61.7,1.37,0.328,Low
Vikarabad Upstream,17.338,77.904,620,8.2,1.8,2025-02-25,2025,56,2.43,64.57,1.41,0.338,Low
Vikarabad Upstream,17.338,77.904,620,8.2,1.8,2025-03-04,2025,63,1.23,68.36,1.46,0.334,Low
Vikarabad Upstream,17.338,77.904,620,8.2,1.8,2025-03-11,2025,70,1.21,72.05,1.52,0.346,Low
Vikarabad Upstream,17.338,77.904,620,8.2,1.8,2025-03-18,2025,77,1.2,77.48,1.6,0.364,Medium
Vikarabad Upstream,17.338,77.904,620,8.2,1.8,2025-03-25,2025,84,1.19,82.99,1.68,0.382,Medium
Vikarabad Upstream,17.338,77.904,620,8.2,1.8,2025-04-01,2025,91,1.12,89.51,1.78,0.403,Medium
Vikarabad Upstream,17.338,77.904,620,8.2,1.8,2025-04-08,2025,98,1.07,94.45,1.86,0.419,Medium
Vikarabad Upstream,17.338,77.904,620,8.2,1.8,2025-04-15,2025,105,1.04,99.93,1.94,0.436,Medium
Vikarabad Upstream,17.338,77.904,620,8.2,1.8,2025-04-22,2025,112,1.03,106.06,2.03,0.457,Medium
Vikarabad Upstream,17.338,77.904,620,8.2,1.8,2025-04-29,2025,119,1.01,112.36,2.13,0.477,Medium
Vikarabad Upstream,17.338,77.904,620,8.2,1.8,2025-05-06,2025,126,2.74,119.09,2.23,0.524,Medium
Vikarabad Upstream,17.338,77.904,620,8.2,1.8,2025-05-13,2025,133,2.6,126.06,2.34,0.545,Medium
Vikarabad Upstream,17.338,77.904,620,8.2,1.8,2025-05-20,2025,140,2.43,134.82,2.46,0.572,High
Vikarabad Upstream,17.338,77.904,620,8.2,1.8,2025-05-27,2025,147,2.37,142.1,2.58,0.595,High
Vikarabad Upstream,17.338,77.904,620,8.2,1.8,2025-06-03,2025,154,24.52,151.47,2.72,0.932,High
Vikarabad Upstream,17.338,77.904,620,8.2,1.8,2025-06-10,2025,161,24.19,160.05,2.85,0.956,High
Vikarabad Upstream,17.338,77.904,620,8.2,1.8,2025-06-17,2025,168,23.73,169.02,3.0,0.98,High
Vikarabad Upstream,17.338,77.904,620,8.2,1.8,2025-06-24,2025,175,23.63,169.02,3.11,0.978,High
Vikarabad Upstream,17.338,77.904,620,8.2,1.8,2025-07-01,2025,182,25.44,169.02,3.22,1.0,High
Vikarabad Upstream,17.338,77.904,620,8.2,1.8,2025-07-08,2025,189,24.49,169.02,3.34,0.99,High
Vikarabad Upstream,17.338,77.904,620,8.2,1.8,2025-07-15,2025,196,24.0,169.02,3.46,0.984,High
Vikarabad Upstream,17.338,77.904,620,8.2,1.8,2025-07-22,2025,203,23.95,169.02,3.57,0.983,High
Vikarabad Upstream,17.338,77.904,620,8.2,1.8,2025-07-29,2025,210,24.24,169.02,3.7,0.987,High
Vikarabad Upstream,17.338,77.904,620,8.2,1.8,2025-08-05,2025,217,24.53,169.02,3.82,0.991,High
Vikarabad Upstream,17.338,77.904,620,8.2,1.8,2025-08-12,2025,224,24.75,169.02,3.94,0.994,High
Vikarabad Upstream,17.338,77.904,620,8.2,1.8,2025-08-19,2025,231,25.07,169.02,4.07,0.998,High
Vikarabad Upstream,17.338,77.904,620,8.2,1.8,2025-08-26,2025,238,25.49,169.02,4.19,1.0,High
Vikarabad Upstream,17.338,77.904,620,8.2,1.8,2025-09-02,2025,245,22.07,169.02,4.32,0.957,High
Vikarabad Upstream,17.338,77.904,620,8.2,1.8,2025-09-09,2025,252,21.38,169.02,4.44,0.947,High
Vikarabad Upstream,17.338,77.904,620,8.2,1.8,2025-09-16,2025,259,20.73,169.02,4.56,0.938,High
Vikarabad Upstream,17.338,77.904,620,8.2,1.8,2025-09-23,2025,266,20.58,169.02,4.68,0.936,High
Vikarabad Upstream,17.338,77.904,620,8.2,1.8,2025-09-30,2025,273,20.8,169.02,4.81,0.939,High
Vikarabad Upstream,17.338,77.904,620,8.2,1.8,2025-10-07,2025,280,11.44,169.02,4.93,0.81,High
Vikarabad Upstream,17.338,77.904,620,8.2,1.8,2025-10-14,2025,287,11.29,169.02,5.05,0.808,High
Vikarabad Upstream,17.338,77.904,620,8.2,1.8,2025-10-21,2025,294,11.55,169.02,5.18,0.811,High
Vikarabad Upstream,17.338,77.904,620,8.2,1.8,2025-10-28,2025,301,12.02,169.02,5.3,0.818,High
Vikarabad Upstream,17.338,77.904,620,8.2,1.8,2025-11-04,2025,308,13.08,169.13,5.43,0.833,High
Vikarabad Upstream,17.338,77.904,620,8.2,1.8,2025-11-11,2025,315,13.12,169.13,5.55,0.833,High
Vikarabad Upstream,17.338,77.904,620,8.2,1.8,2025-11-18,2025,322,13.31,169.13,5.68,0.836,High
Vikarabad Upstream,17.338,77.904,620,8.2,1.8,2025-11-25,2025,329,13.56,169.13,5.8,0.84,High
Vikarabad Upstream,17.338,77.904,620,8.2,1.8,2025-12-02,2025,336,6.97,169.13,5.92,0.748,High
Vikarabad Upstream,17.338,77.904,620,8.2,1.8,2025-12-09,2025,343,6.68,169.13,6.05,0.744,High
Vikarabad Upstream,17.338,77.904,620,8.2,1.8,2025-12-16,2025,350,6.45,169.13,6.17,0.741,High
Vikarabad Upstream,17.338,77.904,620,8.2,1.8,2025-12-23,2025,357,6.36,169.13,6.3,0.74,High
Vikarabad Upstream,17.338,77.904,620,8.2,1.8,2025-12-30,2025,364,6.51,169.13,6.42,0.742,High
Vikarabad Upstream,17.338,77.904,620,8.2,1.8,2026-01-06,2026,6,2.53,169.02,6.55,0.687,High
Vikarabad Upstream,17.338,77.904,620,8.2,1.8,2026-01-13,2026,13,2.59,169.02,6.68,0.688,High
Vikarabad Upstream,17.338,77.904,620,8.2,1.8,2026-01-20,2026,20,2.58,169.02,6.8,0.687,High
Vikarabad Upstream,17.338,77.904,620,8.2,1.8,2026-01-27,2026,27,2.55,169.02,6.93,0.687,High
Vikarabad Upstream,17.338,77.904,620,8.2,1.8,2026-02-03,2026,34,2.51,169.02,7.05,0.686,High
Vikarabad Upstream,17.338,77.904,620,8.2,1.8,2026-02-10,2026,41,2.6,169.02,7.18,0.688,High
Vikarabad Upstream,17.338,77.904,620,8.2,1.8,2026-02-17,2026,48,2.51,169.02,7.3,0.686,High
Vikarabad Upstream,17.338,77.904,620,8.2,1.8,2026-02-24,2026,55,2.47,169.02,7.43,0.686,High
Vikarabad Upstream,17.338,77.904,620,8.2,1.8,2026-03-03,2026,62,1.18,169.02,7.56,0.668,High
Vikarabad Upstream,17.338,77.904,620,8.2,1.8,2026-03-10,2026,69,1.19,169.02,7.68,0.668,High
Vikarabad Upstream,17.338,77.904,620,8.2,1.8,2026-03-17,2026,76,1.18,169.02,7.81,0.668,High
Vikarabad Upstream,17.338,77.904,620,8.2,1.8,2026-03-24,2026,83,1.17,169.02,7.94,0.668,High
Vikarabad Upstream,17.338,77.904,620,8.2,1.8,2026-03-31,2026,90,1.17,169.02,8.07,0.668,High
Vikarabad Upstream,17.338,77.904,620,8.2,1.8,2026-04-07,2026,97,1.04,169.02,8.19,0.666,High
Vikarabad Upstream,17.338,77.904,620,8.2,1.8,2026-04-14,2026,104,1.03,169.02,8.32,0.666,High
Vikarabad Upstream,17.338,77.904,620,8.2,1.8,2026-04-21,2026,111,1.02,169.02,8.45,0.666,High
Vikarabad Upstream,17.338,77.904,620,8.2,1.8,2026-04-28,2026,118,1.01,169.02,8.58,0.666,High
Vikarabad Upstream,17.338,77.904,620,8.2,1.8,2026-05-05,2026,125,2.44,169.02,8.7,0.685,High
Vikarabad Upstream,17.338,77.904,620,8.2,1.8,2026-05-12,2026,132,2.49,169.02,8.83,0.686,High
Vikarabad Upstream,17.338,77.904,620,8.2,1.8,2026-05-19,2026,139,2.44,169.02,8.96,0.685,High
Vikarabad Upstream,17.338,77.904,620,8.2,1.8,2026-05-26,2026,146,2.41,169.02,9.09,0.685,High
Vikarabad Upstream,17.338,77.904,620,8.2,1.8,2026-06-02,2026,153,23.6,169.02,9.22,0.978,High
Vikarabad Upstream,17.338,77.904,620,8.2,1.8,2026-06-09,2026,160,23.69,169.02,9.34,0.979,High
Vikarabad Upstream,17.338,77.904,620,8.2,1.8,2026-06-16,2026,167,23.53,169.02,9.47,0.977,High
Vikarabad Upstream,17.338,77.904,620,8.2,1.8,2026-06-23,2026,174,23.4,169.02,9.6,0.975,High
Vikarabad Upstream,17.338,77.904,620,8.2,1.8,2026-06-30,2026,181,23.33,169.02,9.73,0.974,High
Vikarabad Upstream,17.338,77.904,620,8.2,1.8,2026-07-07,2026,188,24.18,169.02,9.86,0.986,High
Vikarabad Upstream,17.338,77.904,620,8.2,1.8,2026-07-14,2026,195,23.93,169.02,9.99,0.983,High
Vikarabad Upstream,17.338,77.904,620,8.2,1.8,2026-07-21,2026,202,23.82,169.02,10.12,0.981,High
Vikarabad Upstream,17.338,77.904,620,8.2,1.8,2026-07-28,2026,209,23.78,169.02,10.25,0.981,High
Vikarabad Upstream,17.338,77.904,620,8.2,1.8,2026-08-04,2026,216,25.44,169.02,10.38,1.0,High
Vikarabad Upstream,17.338,77.904,620,8.2,1.8,2026-08-11,2026,223,24.8,169.02,10.51,0.995,High
Vikarabad Upstream,17.338,77.904,620,8.2,1.8,2026-08-18,2026,230,24.86,169.02,10.64,0.995,High
Vikarabad Upstream,17.338,77.904,620,8.2,1.8,2026-08-25,2026,237,24.88,169.02,10.77,0.996,High
Vikarabad Upstream,17.338,77.904,620,8.2,1.8,2026-09-01,2026,244,20.9,169.02,10.9,0.941,High
Vikarabad Upstream,17.338,77.904,620,8.2,1.8,2026-09-08,2026,251,20.67,169.02,11.03,0.937,High
Vikarabad Upstream,17.338,77.904,620,8.2,1.8,2026-09-15,2026,258,20.53,169.02,11.16,0.936,High
Vikarabad Upstream,17.338,77.904,620,8.2,1.8,2026-09-22,2026,265,20.49,169.02,11.29,0.935,High
Vikarabad Upstream,17.338,77.904,620,8.2,1.8,2026-09-29,2026,272,20.47,169.02,11.42,0.935,High
Vikarabad Upstream,17.338,77.904,620,8.2,1.8,2026-10-06,2026,279,11.79,169.02,11.55,0.815,High
Vikarabad Upstream,17.338,77.904,620,8.2,1.8,2026-10-13,2026,286,11.5,169.02,11.68,0.811,High
Vikarabad Upstream,17.338,77.904,620,8.2,1.8,2026-10-20,2026,293,11.51,169.02,11.82,0.811,High
Vikarabad Upstream,17.338,77.904,620,8.2,1.8,2026-10-27,2026,300,11.56,169.02,11.95,0.811,High
Vikarabad Upstream,17.338,77.904,620,8.2,1.8,2026-11-03,2026,307,13.5,169.13,12.08,0.839,High
Vikarabad Upstream,17.338,77.904,620,8.2,1.8,2026-11-10,2026,314,13.18,169.13,12.21,0.834,High
Vikarabad Upstream,17.338,77.904,620,8.2,1.8,2026-11-17,2026,321,13.2,169.13,12.34,0.835,High
Vikarabad Upstream,17.338,77.904,620,8.2,1.8,2026-11-24,2026,328,13.22,169.13,12.48,0.835,High
Vikarabad Upstream,17.338,77.904,620,8.2,1.8,2026-12-01,2026,335,6.53,169.13,12.61,0.742,High
Vikarabad Upstream,17.338,77.904,620,8.2,1.8,2026-12-08,2026,342,6.44,169.13,12.74,0.741,High
Vikarabad Upstream,17.338,77.904,620,8.2,1.8,2026-12-15,2026,349,6.39,169.13,12.87,0.74,High
Vikarabad Upstream,17.338,77.904,620,8.2,1.8,2026-12-22,2026,356,6.38,169.13,13.01,0.74,High
Vikarabad Upstream,17.338,77.904,620,8.2,1.8,2026-12-29,2026,363,6.39,169.13,13.14,0.74,High
