Date,Rainfall_mm,Temperature_C,Humidity_%,Observed_Discharge_cumecs,Predicted_Discharge_cumecs,Water_Level_m
2016-01-01,9.90180338293985,29.905067169240407,69.64274046823043,2.0,1.0,1.1541436261935223
2016-02-01,13.223299154654105,27.828433371174658,67.62881550926865,2.0,14.305192302636184,1.0602891196936721
2016-03-01,8.755902153979276,30.095852658349724,80.0435717024226,49.91210693310842,28.7715541579169,1.727451831796596
2016-04-01,7.887391819568644,31.34155555094051,62.31386817793769,36.51440641241958,20.844924440453028,1.5304945260629652
2016-05-01,14.30646731503028,32.19279925954335,49.7253439555344,9.706250876744033,40.1241778762393,1.1194588388292765
2016-06-01,26.32883272131715,28.013142921571763,93.72978053061999,16.321452321440216,1.0,1.7405807784337095
2016-07-01,34.70052768558344,26.75472215405789,79.29610398330222,2.0,1.0,1.542382943951931
2016-08-01,32.497388412315026,25.777337576061743,83.25516311040123,36.963420718301876,70.12161196475384,1.7935774021799968
2016-09-01,44.93750955733763,23.970664459328866,91.66685479402369,102.87115006354323,144.41346372723856,2.1171011395895487
2016-10-01,21.851480110666515,22.6238439287699,71.28418321258752,44.09397458380588,29.41064275540326,1.8180505792556774
2016-11-01,17.473487802758704,23.402075420346204,54.98846950125702,18.800841021950937,1.0,1.513036343414369
2016-12-01,5.734293115034634,23.62510419163002,52.541054440168026,27.017566928514473,15.275227488636762,1.5640536537095133
2017-01-01,11.517828036196299,26.761826256025333,58.191045969822035,2.0,1.0,1.4459923796468273
2017-02-01,10.648481616770018,28.73361250999104,66.82745624211896,19.03656326766265,12.586921537305816,1.514751682216742
2017-03-01,5.349919239123923,30.696271504764013,67.4193148996894,21.414821546962653,1.0,1.5586217367133346
2017-04-01,12.153455239232974,30.444672781180984,65.68391925529987,23.34197542082746,33.14470790578986,1.5603481354367603
2017-05-01,7.33755544980022,30.935640137682896,53.860638812753436,32.438666959512176,38.16208246567743,1.6028021056457702
2017-06-01,12.793835225990975,30.012715817819828,66.32927594357149,31.883439236157717,1.0,1.2145651465057385
2017-07-01,41.37417462134742,27.155429327668465,82.88047509773267,65.58687582520285,73.98744267278829,1.905439960514983
2017-08-01,9.144802090677251,25.351756408399208,79.19756776453166,14.433009748046857,58.06288158260806,1.2518118658076505
2017-09-01,14.749245819491904,23.589053732440114,85.71570040201628,49.50757796673358,45.05390237517605,1.4907610272746235
2017-10-01,27.30124917747431,23.000084393091413,87.41367538354889,73.49887433707593,54.82219326935747,2.276399352917053
2017-11-01,14.237870751614272,22.814340351319395,64.71769002441077,11.062239169599216,8.06729257061249,1.6276637841973132
2017-12-01,12.64666534593099,25.31649426167331,69.07093159763097,11.498730339011622,24.781058300004993,1.5656989747796484
2018-01-01,9.796955752894082,26.902713401586507,65.35447961880548,47.922847534830325,1.0684977915297864,1.7503894417164818
2018-02-01,2.1376387555207246,31.093168308930597,67.46045293921027,13.443884539141596,14.487600382024825,1.5846270958677056
2018-03-01,5.5394837445730305,32.037456517612995,58.81728715991082,42.78047707799665,25.775672306678718,1.6524903838556617
2018-04-01,6.482632403629629,31.3858465525565,62.49272010317979,11.310477144900721,50.6411962907089,1.35556116399845
2018-05-01,3.9184806592977783,29.701044405442985,65.1274326765987,44.41571726882466,31.51778584464776,1.4707090193044712
2018-06-01,5.13911401993237,27.88758852801659,88.24369932792193,27.185907263140862,58.82357563346714,1.557625879684958
2018-07-01,28.206122754885733,28.191142953088868,79.743811794428,46.42725804672409,17.008068021120064,1.699577446555596
2018-08-01,40.55858592861821,25.262749225147143,86.1481707901248,82.30199264231146,84.41580139781564,1.8318593836257062
2018-09-01,19.22023546772684,24.01604178825386,80.63912845659235,29.264841049280157,33.31302420603639,1.4988354782864879
2018-10-01,44.38522060666313,21.255414013025806,81.67720482870308,40.473152309481975,20.43935905757009,1.6116818607108478
2018-11-01,2.609138174020192,24.463336866420427,69.5566332941685,11.51806256030553,13.356448190374639,1.644803773788725
2018-12-01,3.726722733701748,25.454420338214362,49.79857740262091,24.02637308708851,46.086795510290564,1.613867589522819
2019-01-01,8.846860600978612,25.88956931558552,54.67469370347668,2.0,1.0,1.2231128106154112
2019-02-01,5.739333784719592,28.528475192550047,53.37470221790026,28.935191385214296,1.0,1.5493626777138192
2019-03-01,12.227930793174698,30.72781881949427,47.41468716106186,11.156461439259086,10.516685282889723,1.3253946642614827
2019-04-01,10.963396179063912,31.052466798356242,59.00214891891376,42.93639481865783,15.610491185349336,1.6154375334595155
2019-05-01,6.0456955790964315,30.1719304293342,68.99603729809418,2.0,1.0,1.0262157360490558
2019-06-01,8.915797294802994,28.89651173193404,80.50581153532198,11.773025082692724,8.992872144492203,1.296737241848571
2019-07-01,17.423777057375663,26.74802262179312,83.88453057359297,3.8962208569225787,1.0,1.1067151649280484
2019-08-01,35.00318572397984,25.152562512102474,90.12452247697554,35.61515934065825,1.0,1.3498396171060256
2019-09-01,39.40997931075131,25.007390357855407,91.79380292587385,58.966736598269776,63.69332120414721,1.912722417126659
2019-10-01,18.096250908339577,20.4333415590687,82.01603445691703,32.93503843072538,17.44684382373395,1.6171122538482494
2019-11-01,1.6261238673878704,23.299048120352563,73.22510122698579,15.358414126431937,1.0,1.040060165074082
2019-12-01,2.4809460902829428,25.176512421372447,64.39488660903876,15.286499685195164,29.636608856082127,1.3388272882529315
2020-01-01,10.5569882536673,27.295993989687094,57.88821243320776,26.410247117359486,28.49238525323379,1.6572288506973492
2020-02-01,5.972638528177975,28.628085418678705,59.58919753460886,2.0,1.0,1.4117129045802852
2020-03-01,6.078720621679048,28.707379832659175,53.38624441204489,30.414751863465042,1.0,1.7048059144926593
2020-04-01,3.677131462996749,31.32799548371411,57.533063023864436,27.828670396406267,40.75602029145172,1.499937749836013
2020-05-01,3.6202538624451,32.19145182930195,61.243883183479,23.359338833175634,26.557643681446564,1.2937796181568753
2020-06-01,43.91229343748285,27.466138595083862,88.12509513565021,66.72268471147824,112.36515711274956,1.707278260670057
2020-07-01,33.95169697696479,27.863828013698193,94.54538881816188,55.17402923182713,58.39119742862744,1.8428081379269288
2020-08-01,15.688172777887448,24.671474776877112,72.82472939236072,67.60904865582069,64.0883981593242,1.9799446025627891
2020-09-01,26.444667370436953,23.474574039033396,85.24979227781944,41.29900573500405,33.300850137593386,1.866445976246849
2020-10-01,29.61744479067764,21.947101489296053,75.21619242589726,38.16118071502778,53.06593009846105,1.7996929761671305
2020-11-01,21.481937549938277,23.20144221250636,67.07287961924241,21.31132204124814,34.241454378621825,1.4005285475217377
2020-12-01,3.372688667210912,26.300044594698957,62.832393445185915,2.0,29.705034148532256,0.9970955733839909
2021-01-01,35.496620132706774,27.582655241987702,50.93365921906729,19.188997892438444,9.887705769968944,1.3445502640373905
2021-02-01,52.92653525526422,30.732311605409937,70.24807894097938,43.2509373886608,33.68354310433582,1.6943746402096924
2021-03-01,75.82581878743888,31.641513504115444,59.51499501033888,74.13859965708482,60.936485354201594,1.9440313280097474
2021-04-01,18.237579178490392,31.439086678929577,60.01269833138512,34.37197660212543,47.490543867723865,1.4577893405683948
2021-05-01,22.4835458765485,32.208036141305556,56.26173312097217,31.716395839757002,61.7500646993173,1.5793760650078135
2021-06-01,146.9248132778062,29.438993158738302,77.92001706318712,124.59819756352069,113.53856964026664,2.4208475808989394
2021-07-01,25.1357880505439,27.82798817679708,85.49523308486442,56.831782942972325,39.50821053316831,1.6851773990659835
2021-08-01,118.96595097370813,24.7034290464653,81.17528961344516,130.8031114818054,130.34999705621124,2.6329363678778335
2021-09-01,313.66041124802535,23.602444200721447,84.80063401597737,275.3753227970975,265.84487280609676,4.0263289439672425
2021-10-01,127.31514928393442,22.302576176699723,85.03345297750191,114.10857013443591,132.8665919450458,2.4450816335364816
2021-11-01,3.3522898381675708,24.525482319457097,72.99463158869717,30.812264142299185,1.0,1.5735163466638997
2021-12-01,15.6330454341219,23.821696376885146,61.350496943949345,32.02965617287085,9.609568960809526,1.3320570553074202
2022-01-01,18.678510838740156,27.782350342417654,53.41199528207988,2.2216690844767015,1.0,1.1367625880671384
2022-02-01,60.70930169922769,28.809348942494818,71.22055691600389,65.15988760326971,10.704554363916174,2.1446934029035916
2022-03-01,26.955130262805056,31.63534870860507,61.42958279531922,40.47646200939981,15.223518038523075,1.4168937088594054
2022-04-01,6.277039232270548,31.75086898873126,71.55214711204164,4.803895061486692,1.0,0.8695695156220064
2022-05-01,29.164834835433318,32.28474777278456,66.43363979227729,41.90801701405062,33.51362114192322,1.3060048936168807
2022-06-01,104.75125963348167,29.73077469113865,81.58203728857659,78.33265945478279,104.43995072528307,2.0297941004341458
2022-07-01,64.58777232475077,25.42795974434675,84.94143125832406,97.5806092549289,82.34733991110424,2.232729417992506
2022-08-01,42.617346230725424,24.933046827101805,96.0,80.5480705286761,47.82071548793256,2.0267044726411214
2022-09-01,334.44000346336395,22.363891192267427,96.0,293.55360128867017,287.9180097218706,4.508592077508921
2022-10-01,166.68242534944318,22.481720157633724,82.98566794592945,164.18373217161377,181.1479673284682,2.4471396143742474
2022-11-01,56.09189804786957,25.047126818138963,64.87133415321952,18.87525901948468,3.348149729286664,1.4699550344447552
2022-12-01,26.996135129560127,25.637533810897704,71.2836811022647,18.826473296910187,1.0,1.6792322794500134
2023-01-01,18.00077897570375,26.301069571421248,57.83037277062857,23.831000726879076,34.116397886625265,1.2478521015497974
2023-02-01,21.31901455114538,27.98628263355958,66.08149260832779,13.884966782691173,9.79390216362767,1.2777923729587786
2023-03-01,9.891024745152729,30.49688370801401,63.56896006432301,35.41582075428423,43.64938783807763,1.4372775681018402
2023-04-01,80.66058346765689,29.783439850618873,65.94735748020287,117.2620714844139,105.68309136252455,2.2733553062788228
2023-05-01,27.784357610011373,29.792961337741183,57.91641835835416,15.003691154752271,32.140663728479296,1.2992064301985082
2023-06-01,218.65724072445352,29.312009471551246,71.37302754683722,180.71929952878824,157.54763845396235,3.3592557671557186
2023-07-01,69.46245658580959,28.155312036106718,67.98911594806096,77.27140316840614,72.50907433946062,2.344112792834134
2023-08-01,128.53318171331054,25.608761472224447,74.67831120907275,152.656074931681,137.5725308391176,2.7464369914052047
2023-09-01,108.73610747074595,21.24460887626414,79.28927300542468,87.65602007613289,61.194594673827055,2.4656057867014245
2023-10-01,28.19769676838929,23.30436672903026,80.44765889345867,47.77802382403661,7.945929147947481,1.7093303324260387
2023-11-01,86.9803359241365,23.60793195809482,77.31061813700661,123.50536981430281,127.07712769754332,2.815720909167277
2023-12-01,22.60419625358385,25.413890285372702,71.49195358935108,6.416116770464832,1.352373997812145,1.2507443143304224
2024-01-01,11.79977889358835,28.6162096816512,57.01536218560861,2.0,1.0,1.2446430402672533
2024-02-01,46.99143867249417,26.93676172319526,66.1839591671567,46.92623852942993,42.944988401690985,1.7597458106486568
2024-03-01,30.23009262971692,29.872998189946646,60.90045234554773,29.451744547805916,53.23019228232232,2.082212025947271
2024-04-01,38.47543140361729,31.590906322793355,61.75945313371933,59.918302849567894,3.48562127713177,1.9839503808359347
2024-05-01,32.400322494789364,28.88250721568381,65.04727954590767,46.14143888221058,8.896329199313158,1.5583917412635846
2024-06-01,11.907100817701798,30.475949048053536,86.83419781882775,2.0,1.0,1.3954722482286017
2024-07-01,47.78619280465408,27.36835661270065,80.12519061281189,67.42646743529338,93.3400943722138,1.8446224321173803
2024-08-01,46.26483053819144,25.846583985843388,89.94696072914051,49.09274891329003,52.83692727346521,1.6286107451124143
2024-09-01,174.6464336572636,22.964954723340462,74.50643241700317,185.11135331310382,192.70419293267545,3.3120888059711464
2024-10-01,97.52004438179134,23.813763689966212,82.54437343653588,89.1617690600517,62.0162476347857,2.144140343273036
2024-11-01,42.53775167386331,24.60436994085128,81.93371608617082,43.55807523224689,17.002304726496398,1.7086497196884083
2024-12-01,23.632589152126318,25.23287802013715,65.31155819837693,45.422429057229664,49.5352624799215,1.6806481721171174
2025-01-01,43.93257510833883,27.234400892698687,73.78250154624321,67.36390636112057,61.73374576175487,1.9696787139586684
2025-02-01,27.03996367994198,29.27034323928173,64.39064124721246,45.208803735791946,52.20231439131806,1.7523760061257905
2025-03-01,25.638545832145684,29.600756350398363,67.81543966730858,6.314040818129257,5.411128287501098,0.9178095396722806
2025-04-01,34.43664272311556,30.852471319759648,63.35251763925116,52.22152886276583,53.05055018511994,1.8696833841683036
2025-05-01,32.398115463834976,30.31157908268539,62.55714693185057,22.224239932060712,26.645187798410056,1.257175872136448
2025-06-01,401.11221123581134,29.383393864353526,77.04362322292206,350.86923004897795,362.9890800205172,4.633746471904337
2025-07-01,47.34662025242777,27.99982424691032,85.51210951270288,33.16972207346742,52.14895706551994,1.5386409452998309
2025-08-01,25.347692548730922,23.941463918021576,76.53923967569962,47.95392937734237,6.32946569647968,1.7198947845686265
2025-09-01,119.13517879046518,23.410889354542682,87.159096654194,104.79201857529947,53.7421984535185,2.1782427701169835
2025-10-01,52.99094391464826,24.481455547658975,90.09700903112137,42.33168473882437,64.59548274925285,1.7951824158415444
2025-11-01,3.2749487588244865,22.79231015604968,66.31571985066061,32.741831962370696,52.25807175900016,1.3030593328150335
2025-12-01,12.33579036375883,24.177749982709663,61.74625886511016,30.27935644362929,3.384633862214013,1.445480193048616
2026-01-01,110.70214740803344,27.202306191831184,66.92775905516088,95.83163970793794,53.75868656163379,2.1034767579008804
2026-02-01,14.738345521131587,29.84438519048532,61.589288611175114,52.399878250829694,45.70357329160926,1.7431919571371264
2026-03-01,5.653765618074145,30.475527670698405,70.29882987825604,12.636939043986212,31.352931245274238,1.3832159822258314
2026-04-01,106.45258549148339,32.32896059043699,50.93015741049413,99.02158389947954,135.94538032361595,2.0609117311675464
2026-05-01,11.921597143614354,31.32089559770429,61.400748423169475,28.354465601718665,35.620917241423065,1.6288389409075805
